{"stats":{"minecraft:picked_up":{"minecraft:black_carpet":1,"minecraft:white_carpet":300,"minecraft:oak_sign":8,"minecraft:oak_door":10,"minecraft:stone_button":1,"minecraft:redstone":12,"minecraft:light_gray_stained_glass_pane":18560,"minecraft:command_block":3,"minecraft:obsidian":3715,"minecraft:cobblestone":42,"minecraft:magma_block":3763,"minecraft:andesite":1,"minecraft:crimson_fungus":11,"minecraft:dirt":5,"minecraft:stone_bricks":5,"minecraft:oak_planks":4,"minecraft:soul_sand":2,"minecraft:warped_fungus":2,"minecraft:gravel":2,"minecraft:sand":7,"minecraft:crying_obsidian":3712,"minecraft:blue_terracotta":1,"minecraft:granite":1,"minecraft:netherrack":14,"minecraft:crimson_roots":4,"minecraft:diamond_pickaxe":58},"minecraft:mined":{"minecraft:obsidian":8,"minecraft:granite":1,"minecraft:crimson_fungus":12,"minecraft:magma_block":57,"minecraft:andesite":2,"minecraft:gold_block":1,"minecraft:stone":45,"minecraft:soul_sand":2,"minecraft:cobblestone":12,"minecraft:oak_planks":10,"minecraft:wall_torch":1,"minecraft:warped_fungus":2,"minecraft:stone_brick_stairs":5,"minecraft:gravel":23,"minecraft:sand":8,"minecraft:dirt":6,"minecraft:stone_bricks":13,"minecraft:netherrack":87},"minecraft:custom":{"minecraft:mob_kills":1,"minecraft:leave_game":141,"minecraft:time_since_death":393791,"minecraft:sprint_one_cm":516023,"minecraft:walk_one_cm":884715,"minecraft:drop":15,"minecraft:deaths":11,"minecraft:sneak_time":105006,"minecraft:walk_under_water_one_cm":59593,"minecraft:jump":3615,"minecraft:walk_on_water_one_cm":45594,"minecraft:play_one_minute":1388691,"minecraft:time_since_rest":393791,"minecraft:damage_taken":4300,"minecraft:damage_dealt":80,"minecraft:swim_one_cm":33952,"minecraft:fly_one_cm":27535760,"minecraft:open_chest":210,"minecraft:crouch_one_cm":112015,"minecraft:fall_one_cm":34196},"minecraft:used":{"minecraft:oak_fence":7,"minecraft:netherite_sword":1,"minecraft:blue_terracotta":12,"minecraft:iron_bars":2,"minecraft:iron_shovel":28,"minecraft:orange_concrete":8,"minecraft:flint_and_steel":58,"minecraft:red_concrete":12,"minecraft:armor_stand":85,"minecraft:stone_shovel":3,"minecraft:redstone":922,"minecraft:oak_sign":264,"minecraft:black_carpet":26,"minecraft:light_blue_terracotta":1,"minecraft:chest":1,"minecraft:white_terracotta":1,"minecraft:brown_concrete":16,"minecraft:stone":9,"minecraft:wooden_shovel":1,"minecraft:netherrack":11,"minecraft:green_terracotta":12,"minecraft:oak_door":46,"minecraft:torch":3,"minecraft:soul_sand":71,"minecraft:dirt":22,"minecraft:warped_wart_block":7,"minecraft:cobblestone_wall":1,"minecraft:orange_wool":2,"minecraft:pink_terracotta":10,"minecraft:golden_shovel":7,"minecraft:acacia_button":1,"minecraft:cyan_wool":2,"minecraft:blue_concrete":10,"minecraft:snowball":717,"minecraft:obsidian":289,"minecraft:shroomlight":2,"minecraft:brown_terracotta":12,"minecraft:cyan_terracotta":14,"minecraft:lava_bucket":209,"minecraft:red_wool":2,"minecraft:oak_stairs":82,"minecraft:grass_block":10,"minecraft:iron_axe":1,"minecraft:spruce_button":1,"minecraft:green_wool":2,"minecraft:warped_nylium":2,"minecraft:crimson_roots":46,"minecraft:pink_wool":3,"minecraft:light_gray_wool":2,"minecraft:birch_button":4,"minecraft:purple_concrete":13,"minecraft:repeater":310,"minecraft:lime_concrete":8,"minecraft:magma_block":62,"minecraft:magenta_wool":2,"minecraft:warped_fungus":1,"minecraft:soul_soil":171,"minecraft:jungle_button":2,"minecraft:furnace":2,"minecraft:infested_cobblestone":12,"minecraft:egg":1884,"minecraft:orange_terracotta":11,"minecraft:golden_axe":9,"minecraft:crimson_stem":3,"minecraft:water_bucket":187,"minecraft:warped_stem":6,"minecraft:cobblestone_stairs":8,"minecraft:lime_wool":2,"minecraft:oak_planks":168,"minecraft:blue_wool":2,"minecraft:blackstone":20,"minecraft:redstone_block":92,"minecraft:warped_roots":1,"minecraft:white_wool":36,"minecraft:pink_concrete":10,"minecraft:sand":63,"minecraft:lime_terracotta":1,"minecraft:terracotta":1,"minecraft:yellow_terracotta":14,"minecraft:light_blue_concrete":9,"minecraft:light_blue_wool":3,"minecraft:yellow_concrete":9,"minecraft:purple_terracotta":1,"minecraft:gray_concrete":12,"minecraft:redstone_torch":1,"minecraft:oak_log":44,"minecraft:green_concrete":8,"minecraft:ender_eye":834,"minecraft:diamond_pickaxe":82,"minecraft:black_concrete":449,"minecraft:black_wool":3,"minecraft:firework_rocket":50,"minecraft:crying_obsidian":58,"minecraft:command_block":2408,"minecraft:light_gray_concrete":12,"minecraft:oak_button":3,"minecraft:brown_wool":2,"minecraft:iron_pickaxe":149,"minecraft:stone_button":11,"minecraft:cyan_concrete":14,"minecraft:magenta_concrete":14,"minecraft:red_terracotta":16,"minecraft:oak_pressure_plate":1,"minecraft:gravel":77,"minecraft:crimson_nylium":2,"minecraft:yellow_wool":2,"minecraft:nether_wart_block":5,"minecraft:fishing_rod":10,"minecraft:crimson_fungus":8,"minecraft:cobblestone":232,"minecraft:grindstone":2,"minecraft:chain_command_block":252,"minecraft:bucket":385,"minecraft:andesite":1,"minecraft:glass_pane":3,"minecraft:smooth_stone_slab":15,"minecraft:repeating_command_block":466,"minecraft:white_concrete":1448,"minecraft:gray_wool":2,"minecraft:purple_wool":3,"minecraft:splash_potion":31,"minecraft:experience_bottle":8},"minecraft:dropped":{"minecraft:command_block":3,"minecraft:stone_button":1,"minecraft:dead_bush":2,"minecraft:dandelion":1,"minecraft:redstone":4,"minecraft:blue_terracotta":1,"minecraft:birch_sapling":1,"minecraft:oak_sign":3,"minecraft:red_tulip":1,"minecraft:oak_leaves":1},"minecraft:killed":{"minecraft:silverfish":1}},"DataVersion":2567}