{"stats":{"minecraft:picked_up":{"minecraft:birch_log":64,"minecraft:yellow_shulker_box":1,"minecraft:wheat":324164,"minecraft:jungle_log":37,"minecraft:flint":7843,"minecraft:nether_brick":504234,"minecraft:crimson_planks":217297,"minecraft:heavy_weighted_pressure_plate":1,"minecraft:string":753009,"minecraft:gold_nugget":1,"minecraft:warped_stem":64,"minecraft:iron_ingot":86429,"minecraft:iron_nugget":17361,"minecraft:wooden_shovel":3,"minecraft:glowstone_dust":483571,"minecraft:chest":1,"minecraft:oak_planks":483275,"minecraft:black_stained_glass":1,"minecraft:stick":307,"minecraft:quartz":462976,"minecraft:black_stained_glass_pane":134123,"minecraft:carrot":62744,"minecraft:crying_obsidian":181374,"minecraft:light_gray_stained_glass_pane":8651013,"minecraft:command_block":1,"minecraft:diamond":1280,"minecraft:black_concrete":1,"minecraft:gold_ingot":349340,"minecraft:blaze_rod":47058,"minecraft:white_wool":17,"minecraft:wooden_axe":55,"minecraft:ender_pearl":122777},"minecraft:crafted":{"minecraft:golden_carrot":6544,"minecraft:golden_axe":231,"minecraft:oak_door":3765,"minecraft:oak_slab":44622,"minecraft:wooden_shovel":244,"minecraft:diamond_sword":143,"minecraft:fishing_rod":388,"minecraft:crafting_table":7,"minecraft:golden_chestplate":963,"minecraft:iron_nugget":342,"minecraft:crimson_trapdoor":2018,"minecraft:oak_pressure_plate":21,"minecraft:blaze_powder":5852,"minecraft:crimson_slab":6,"minecraft:bowl":4652,"minecraft:nether_bricks":10309,"minecraft:golden_pickaxe":723,"minecraft:golden_shovel":221,"minecraft:gold_block":710,"minecraft:bucket":1665,"minecraft:glowstone":8792,"minecraft:heavy_weighted_pressure_plate":419,"minecraft:bread":38137,"minecraft:oak_trapdoor":60,"minecraft:flint_and_steel":1576,"minecraft:quartz_block":8240,"minecraft:oak_boat":1402,"minecraft:white_wool":11817,"minecraft:wooden_hoe":20,"minecraft:golden_leggings":1030,"minecraft:gold_nugget":68922,"minecraft:iron_axe":2075,"minecraft:stick":100998,"minecraft:iron_hoe":36,"minecraft:light_weighted_pressure_plate":18,"minecraft:iron_ingot":316,"minecraft:iron_pickaxe":1874,"minecraft:wooden_axe":2780,"minecraft:iron_block":1,"minecraft:iron_shovel":1766,"minecraft:gold_ingot":1,"minecraft:white_bed":3768,"minecraft:oak_button":325,"minecraft:ender_eye":5652,"minecraft:shears":188,"minecraft:golden_helmet":1071,"minecraft:respawn_anchor":1973,"minecraft:golden_boots":980,"minecraft:golden_hoe":4},"minecraft:custom":{"minecraft:interact_with_anvil":11,"minecraft:interact_with_crafting_table":10198,"minecraft:tune_noteblock":14,"minecraft:play_one_minute":2404617,"minecraft:open_shulker_box":3,"minecraft:interact_with_loom":3,"minecraft:leave_game":479,"minecraft:time_since_death":1108492,"minecraft:time_since_rest":1108514,"minecraft:sprint_one_cm":27308,"minecraft:open_enderchest":47,"minecraft:damage_taken":750,"minecraft:walk_one_cm":627452,"minecraft:drop":13,"minecraft:fly_one_cm":11483634,"minecraft:open_chest":233,"minecraft:crouch_one_cm":54115,"minecraft:deaths":1,"minecraft:sneak_time":79838,"minecraft:jump":1413,"minecraft:fall_one_cm":3013},"minecraft:used":{"minecraft:writable_book":26,"minecraft:orange_concrete":2,"minecraft:red_concrete":22,"minecraft:yellow_shulker_box":1,"minecraft:redstone":309,"minecraft:chest":39,"minecraft:lime_wool":100,"minecraft:oak_sign":328,"minecraft:blue_wool":79,"minecraft:ender_pearl":1,"minecraft:ender_chest":2,"minecraft:stone":111,"minecraft:brown_concrete":1,"minecraft:redstone_block":139,"minecraft:quartz_stairs":3,"minecraft:structure_block":33,"minecraft:pink_concrete":1,"minecraft:polished_blackstone_pressure_plate":3,"minecraft:anvil":11,"minecraft:loom":1,"minecraft:light_blue_concrete":1,"minecraft:crafting_table":1,"minecraft:light_blue_wool":241,"minecraft:black_banner":7,"minecraft:yellow_concrete":1,"minecraft:orange_wool":165,"minecraft:note_block":91,"minecraft:acacia_button":1,"minecraft:gray_concrete":1,"minecraft:black_concrete_powder":3,"minecraft:cyan_wool":3,"minecraft:granite":2,"minecraft:blue_concrete":4,"minecraft:shroomlight":1,"minecraft:black_wool":14,"minecraft:black_concrete":816,"minecraft:green_concrete":1,"minecraft:sea_lantern":2,"minecraft:lava_bucket":20,"minecraft:red_wool":5,"minecraft:command_block":609,"minecraft:light_gray_concrete":2,"minecraft:lantern":17,"minecraft:acacia_slab":4,"minecraft:spruce_button":2,"minecraft:barrier":21,"minecraft:stone_button":1,"minecraft:orange_shulker_box":1,"minecraft:magenta_concrete":1,"minecraft:cyan_concrete":1,"minecraft:polished_blackstone_brick_stairs":2,"minecraft:crimson_planks":1,"minecraft:pink_wool":772,"minecraft:item_frame":40,"minecraft:yellow_wool":25,"minecraft:soul_lantern":12,"minecraft:acacia_fence_gate":1,"minecraft:purple_concrete":7,"minecraft:repeater":103,"minecraft:magenta_wool":14,"minecraft:cobblestone":2,"minecraft:lime_concrete":1,"minecraft:black_stained_glass":135,"minecraft:jungle_button":3,"minecraft:white_banner":4,"minecraft:chain_command_block":566,"minecraft:repeating_command_block":1135,"minecraft:polished_blackstone_button":9,"minecraft:white_concrete":1315,"minecraft:purple_wool":136},"minecraft:dropped":{"minecraft:crimson_planks":30,"minecraft:command_block":1,"minecraft:white_concrete":1,"minecraft:black_concrete":1,"minecraft:gold_ingot":9}},"DataVersion":2567}