{"stats":{"minecraft:picked_up":{"minecraft:wheat":192108,"minecraft:flint":4270,"minecraft:nether_brick":273323,"minecraft:crimson_planks":135890,"minecraft:wooden_hoe":1,"minecraft:oak_trapdoor":2,"minecraft:string":422417,"minecraft:gold_nugget":178,"minecraft:spruce_planks":3,"minecraft:iron_ingot":228376,"minecraft:wooden_shovel":9,"minecraft:iron_nugget":9,"minecraft:glowstone_dust":273117,"minecraft:oak_planks":278240,"minecraft:stick":81,"minecraft:quartz":273240,"minecraft:black_stained_glass_pane":76824,"minecraft:carrot":34154,"minecraft:crying_obsidian":102502,"minecraft:light_gray_stained_glass_pane":4588970,"minecraft:iron_hoe":2,"minecraft:spruce_boat":1,"minecraft:writable_book":2,"minecraft:glowstone":1,"minecraft:gold_ingot":256198,"minecraft:blaze_rod":25608,"minecraft:white_wool":24,"minecraft:ender_pearl":68304},"minecraft:crafted":{"minecraft:golden_carrot":12149,"minecraft:golden_axe":7,"minecraft:oak_door":6969,"minecraft:oak_slab":91116,"minecraft:wooden_shovel":77,"minecraft:oak_sign":3,"minecraft:fishing_rod":546,"minecraft:crafting_table":72,"minecraft:iron_nugget":11142,"minecraft:golden_chestplate":1847,"minecraft:crimson_trapdoor":4430,"minecraft:wooden_pickaxe":4,"minecraft:oak_pressure_plate":1279,"minecraft:blaze_powder":6384,"minecraft:iron_helmet":4,"minecraft:crimson_slab":342,"minecraft:iron_sword":1,"minecraft:bowl":9748,"minecraft:golden_pickaxe":1382,"minecraft:nether_bricks":16832,"minecraft:golden_shovel":4,"minecraft:gold_block":3277,"minecraft:crimson_button":330,"minecraft:bucket":2760,"minecraft:crimson_pressure_plate":34,"minecraft:hay_block":5,"minecraft:glowstone":14797,"minecraft:heavy_weighted_pressure_plate":1,"minecraft:bread":52580,"minecraft:iron_bars":64,"minecraft:oak_trapdoor":340,"minecraft:flint_and_steel":2594,"minecraft:quartz_block":15616,"minecraft:oak_boat":2460,"minecraft:white_wool":15615,"minecraft:iron_boots":2,"minecraft:iron_chestplate":6,"minecraft:wooden_hoe":102,"minecraft:golden_leggings":2038,"minecraft:gold_nugget":128997,"minecraft:iron_axe":3305,"minecraft:iron_hoe":361,"minecraft:light_weighted_pressure_plate":124,"minecraft:stick":66356,"minecraft:iron_ingot":30,"minecraft:iron_pickaxe":2917,"minecraft:wooden_axe":3812,"minecraft:iron_block":5,"minecraft:chest":3,"minecraft:iron_leggings":3,"minecraft:iron_shovel":3672,"minecraft:gold_ingot":169,"minecraft:oak_button":521,"minecraft:white_bed":4658,"minecraft:iron_door":18,"minecraft:ender_eye":5911,"minecraft:golden_helmet":2094,"minecraft:purpur_block":64,"minecraft:shears":21,"minecraft:minecart":7,"minecraft:respawn_anchor":2926,"minecraft:golden_boots":1965,"minecraft:golden_hoe":48},"minecraft:dropped":{"minecraft:crimson_planks":95,"minecraft:iron_ingot":166,"minecraft:oak_trapdoor":2,"minecraft:iron_nugget":9,"minecraft:blaze_rod":18,"minecraft:ender_pearl":48,"minecraft:nether_brick":192,"minecraft:wheat":90,"minecraft:oak_planks":119,"minecraft:iron_hoe":2,"minecraft:glowstone_dust":193,"minecraft:carrot":26,"minecraft:stick":5,"minecraft:flint":4,"minecraft:wooden_hoe":1,"minecraft:wooden_shovel":9,"minecraft:crying_obsidian":72,"minecraft:quartz":192,"minecraft:string":297,"minecraft:gold_ingot":175},"minecraft:mined":{"minecraft:oak_button":1},"minecraft:custom":{"minecraft:interact_with_anvil":6,"minecraft:interact_with_crafting_table":4943,"minecraft:play_one_minute":2505157,"minecraft:leave_game":120,"minecraft:time_since_death":1867856,"minecraft:time_since_rest":1867878,"minecraft:sprint_one_cm":28156,"minecraft:damage_taken":4630,"minecraft:walk_one_cm":352500,"minecraft:drop":94,"minecraft:fly_one_cm":375451,"minecraft:open_chest":47,"minecraft:crouch_one_cm":287574,"minecraft:deaths":5,"minecraft:sneak_time":112723,"minecraft:boat_one_cm":5639,"minecraft:jump":495,"minecraft:fall_one_cm":9032},"minecraft:used":{"minecraft:writable_book":4,"minecraft:red_concrete":42,"minecraft:chest":1,"minecraft:ender_pearl":89,"minecraft:redstone":59,"minecraft:oak_planks":76,"minecraft:oak_sign":18,"minecraft:stone":1,"minecraft:golden_apple":1,"minecraft:polished_blackstone_pressure_plate":2,"minecraft:anvil":7,"minecraft:crafting_table":2,"minecraft:birch_sign":1,"minecraft:carrot":1,"minecraft:black_concrete_powder":4,"minecraft:redstone_torch":3,"minecraft:spruce_boat":4,"minecraft:netherite_block":27,"minecraft:black_concrete":269,"minecraft:lava_bucket":13,"minecraft:chipped_anvil":1,"minecraft:command_block":15,"minecraft:lantern":9,"minecraft:barrier":25,"minecraft:oak_button":1,"minecraft:stone_button":16,"minecraft:crimson_planks":7,"minecraft:repeater":15,"minecraft:glowstone":1,"minecraft:lime_concrete":4,"minecraft:black_stained_glass":30,"minecraft:chain_command_block":20,"minecraft:repeating_command_block":10,"minecraft:white_concrete":200,"minecraft:observer":1}},"DataVersion":2567}