{"stats":{"minecraft:used":{"minecraft:end_rod":6,"minecraft:writable_book":18,"minecraft:red_concrete":51,"minecraft:redstone":64,"minecraft:chest":16,"minecraft:oak_planks":1,"minecraft:stone":270,"minecraft:redstone_block":87,"minecraft:green_terracotta":1,"minecraft:debug_stick":70,"minecraft:sand":1,"minecraft:soul_sand":2,"minecraft:anvil":4,"minecraft:crafting_table":5,"minecraft:birch_sign":30,"minecraft:black_banner":2,"minecraft:granite":50,"minecraft:spruce_log":2,"minecraft:black_concrete":154,"minecraft:sea_lantern":12,"minecraft:lava_bucket":1,"minecraft:command_block":190,"minecraft:oak_button":1,"minecraft:stone_button":34,"minecraft:lectern":1,"minecraft:crimson_planks":2,"minecraft:bedrock":13,"minecraft:repeater":82,"minecraft:lime_concrete":45,"minecraft:black_stained_glass":35,"minecraft:written_book":1,"minecraft:chain_command_block":190,"minecraft:repeating_command_block":233,"minecraft:observer":1,"minecraft:splash_potion":1,"minecraft:lime_glazed_terracotta":8},"minecraft:dropped":{"minecraft:crimson_planks":64,"minecraft:iron_ingot":128,"minecraft:blaze_rod":12,"minecraft:nether_brick":64,"minecraft:ender_pearl":16,"minecraft:wheat":90,"minecraft:light_gray_stained_glass_pane":65,"minecraft:oak_planks":130,"minecraft:glowstone_dust":64,"minecraft:carrot":24,"minecraft:stick":5,"minecraft:flint":2,"minecraft:iron_axe":1,"minecraft:crying_obsidian":24,"minecraft:quartz":64,"minecraft:string":162,"minecraft:gold_ingot":64},"minecraft:custom":{"minecraft:interact_with_anvil":8,"minecraft:interact_with_crafting_table":284,"minecraft:play_one_minute":418690,"minecraft:leave_game":22,"minecraft:time_since_death":418690,"minecraft:time_since_rest":418690,"minecraft:sprint_one_cm":293581,"minecraft:damage_taken":80,"minecraft:walk_one_cm":431663,"minecraft:drop":30,"minecraft:fly_one_cm":793931,"minecraft:open_chest":142,"minecraft:crouch_one_cm":15059,"minecraft:sneak_time":11277,"minecraft:interact_with_lectern":4,"minecraft:jump":3289,"minecraft:fall_one_cm":2366},"minecraft:picked_up":{"minecraft:wheat":2027,"minecraft:golden_carrot":1,"minecraft:andesite":960,"minecraft:flint":45,"minecraft:nether_brick":2973,"minecraft:crimson_planks":1494,"minecraft:string":4447,"minecraft:polished_granite":4800,"minecraft:iron_axe":1,"minecraft:glass_pane":48448,"minecraft:iron_ingot":2998,"minecraft:glowstone_dust":2752,"minecraft:chest":5,"minecraft:oak_planks":3168,"minecraft:stick":24,"minecraft:stone":3264,"minecraft:quartz":2880,"minecraft:black_stained_glass_pane":1674,"minecraft:stone_button":2,"minecraft:diorite":960,"minecraft:carrot":368,"minecraft:redstone":1,"minecraft:crying_obsidian":1080,"minecraft:light_gray_stained_glass_pane":55589,"minecraft:polished_andesite":949,"minecraft:polished_diorite":960,"minecraft:granite":3136,"minecraft:birch_sign":1,"minecraft:glowstone":128,"minecraft:gold_ingot":2944,"minecraft:blaze_rod":264,"minecraft:ender_pearl":720},"minecraft:crafted":{"minecraft:golden_carrot":577,"minecraft:oak_door":282,"minecraft:oak_slab":4830,"minecraft:wooden_shovel":1,"minecraft:fishing_rod":55,"minecraft:golden_chestplate":80,"minecraft:crafting_table":1,"minecraft:iron_nugget":963,"minecraft:crimson_trapdoor":168,"minecraft:blaze_powder":660,"minecraft:oak_pressure_plate":20,"minecraft:bowl":384,"minecraft:nether_bricks":991,"minecraft:golden_pickaxe":74,"minecraft:gold_block":76,"minecraft:bucket":112,"minecraft:glowstone":960,"minecraft:bread":2145,"minecraft:oak_trapdoor":8,"minecraft:flint_and_steel":110,"minecraft:quartz_block":928,"minecraft:oak_boat":100,"minecraft:white_wool":1384,"minecraft:wooden_hoe":5,"minecraft:golden_leggings":84,"minecraft:gold_nugget":13689,"minecraft:iron_axe":136,"minecraft:iron_hoe":6,"minecraft:stick":3124,"minecraft:iron_ingot":54,"minecraft:iron_pickaxe":122,"minecraft:wooden_axe":159,"minecraft:iron_shovel":130,"minecraft:gold_ingot":32,"minecraft:oak_button":171,"minecraft:white_bed":448,"minecraft:ender_eye":648,"minecraft:golden_helmet":84,"minecraft:shears":1,"minecraft:respawn_anchor":228,"minecraft:golden_boots":86}},"DataVersion":2567}