{"stats":{"minecraft:killed":{"minecraft:silverfish":1},"minecraft:killed_by":{"minecraft:silverfish":7},"minecraft:used":{"minecraft:iron_bars":164,"minecraft:flint_and_steel":165,"minecraft:light_gray_stained_glass_pane":2,"minecraft:armor_stand":30,"minecraft:redstone":178,"minecraft:oak_sign":91,"minecraft:silverfish_spawn_egg":2,"minecraft:chest":41,"minecraft:netherrack":13,"minecraft:soul_sand":1,"minecraft:anvil":1,"minecraft:white_carpet":28,"minecraft:nether_bricks":12,"minecraft:snowball":438,"minecraft:obsidian":18,"minecraft:sea_lantern":30,"minecraft:lava_bucket":70,"minecraft:iron_axe":1,"minecraft:spruce_button":1,"minecraft:spawner":2,"minecraft:crimson_planks":1,"minecraft:stone_brick_stairs":33,"minecraft:stone_bricks":2036,"minecraft:repeater":74,"minecraft:egg":20,"minecraft:water_bucket":28,"minecraft:diorite":1,"minecraft:oak_planks":2,"minecraft:ender_pearl":93,"minecraft:redstone_block":12,"minecraft:white_wool":1,"minecraft:polished_blackstone_pressure_plate":1,"minecraft:respawn_anchor":1,"minecraft:comparator":2,"minecraft:crafting_table":812,"minecraft:white_bed":22,"minecraft:end_stone":54,"minecraft:redstone_torch":4,"minecraft:ender_eye":10379,"minecraft:black_concrete":490,"minecraft:crying_obsidian":2,"minecraft:command_block":390,"minecraft:bread":2,"minecraft:barrier":8,"minecraft:iron_pickaxe":48,"minecraft:stone_button":3,"minecraft:gravel":2,"minecraft:cobblestone":13,"minecraft:end_crystal":4,"minecraft:bucket":32,"minecraft:chain_command_block":176,"minecraft:repeating_command_block":68,"minecraft:end_portal_frame":211,"minecraft:white_concrete":1668,"minecraft:splash_potion":62},"minecraft:custom":{"minecraft:interact_with_anvil":1,"minecraft:mob_kills":4,"minecraft:interact_with_crafting_table":912,"minecraft:leave_game":232,"minecraft:time_since_death":19487,"minecraft:sprint_one_cm":1211353,"minecraft:walk_one_cm":2114028,"minecraft:drop":533,"minecraft:deaths":128,"minecraft:sneak_time":31646,"minecraft:jump":1113,"minecraft:walk_on_water_one_cm":306,"minecraft:play_one_minute":849370,"minecraft:time_since_rest":19488,"minecraft:damage_taken":30290,"minecraft:damage_dealt":98,"minecraft:fly_one_cm":2555234,"minecraft:open_chest":534,"minecraft:crouch_one_cm":32317,"minecraft:fall_one_cm":24994},"minecraft:crafted":{"minecraft:coarse_dirt":8,"minecraft:oak_planks":820,"minecraft:iron_nugget":18,"minecraft:white_carpet":48,"minecraft:quartz_block":10,"minecraft:bow":4,"minecraft:iron_axe":2,"minecraft:ender_eye":4923,"minecraft:golden_helmet":1,"minecraft:respawn_anchor":806,"minecraft:white_banner":2,"minecraft:crimson_planks":432,"minecraft:iron_helmet":1,"minecraft:nether_bricks":842,"minecraft:golden_pickaxe":2,"minecraft:bucket":1,"minecraft:glowstone":4319,"minecraft:diorite":44,"minecraft:white_wool":12950,"minecraft:stick":24,"minecraft:iron_ingot":16,"minecraft:white_bed":3965},"minecraft:mined":{"minecraft:white_bed":9,"minecraft:fire":168,"minecraft:redstone_torch":1,"minecraft:stone_bricks":43},"minecraft:picked_up":{"minecraft:crafting_table":1561,"minecraft:splash_potion":2777,"minecraft:nether_brick_fence":1642,"minecraft:potion":321,"minecraft:enchanted_book":791,"minecraft:nether_brick":68522,"minecraft:crimson_planks":4307,"minecraft:string":101264,"minecraft:iron_axe":1600,"minecraft:flint_and_steel":432,"minecraft:iron_shovel":1600,"minecraft:respawn_anchor":3,"minecraft:oak_boat":2,"minecraft:redstone_torch":1,"minecraft:ender_eye":13281,"minecraft:iron_nugget":39434,"minecraft:iron_pickaxe":1601,"minecraft:chest":2299,"minecraft:egg":80,"minecraft:stick":2140,"minecraft:end_stone":2,"minecraft:torch":2,"minecraft:stone_button":1,"minecraft:warped_planks":1155,"minecraft:redstone":1,"minecraft:light_gray_stained_glass_pane":274508,"minecraft:command_block":1,"minecraft:nether_bricks":38984,"minecraft:glowstone":30,"minecraft:gold_ingot":9234,"minecraft:obsidian":12566,"minecraft:blaze_powder":9354,"minecraft:snowball":1517,"minecraft:white_wool":42,"minecraft:cobblestone":30571,"minecraft:magma_cream":22,"minecraft:water_bucket":1570,"minecraft:crimson_stem":272,"minecraft:leather":30407,"minecraft:oak_log":549,"minecraft:dirt":2646,"minecraft:stone_bricks":1676,"minecraft:iron_ingot":7200,"minecraft:glowstone_dust":38247,"minecraft:oak_planks":18660,"minecraft:soul_sand":56845,"minecraft:chain_command_block":5,"minecraft:quartz":36909,"minecraft:gravel":64900,"minecraft:black_stained_glass_pane":7542,"minecraft:white_bed":43,"minecraft:crying_obsidian":17304,"minecraft:black_concrete":9,"minecraft:polished_blackstone_pressure_plate":3,"minecraft:white_concrete":11,"minecraft:bread":6400,"minecraft:netherrack":32613,"minecraft:ender_pearl":29168},"minecraft:dropped":{"minecraft:enchanted_book":26,"minecraft:crimson_planks":51,"minecraft:water_bucket":2,"minecraft:iron_ingot":6,"minecraft:soul_sand":58,"minecraft:respawn_anchor":2,"minecraft:ender_pearl":10,"minecraft:leather":1827,"minecraft:stick":43,"minecraft:iron_pickaxe":1,"minecraft:iron_shovel":2,"minecraft:string":36,"minecraft:bucket":1,"minecraft:white_wool":2,"minecraft:gravel":3532,"minecraft:iron_nugget":172,"minecraft:nether_brick":570,"minecraft:obsidian":22,"minecraft:oak_planks":69,"minecraft:glowstone_dust":7,"minecraft:blaze_powder":201,"minecraft:ender_eye":4,"minecraft:nether_brick_fence":42,"minecraft:white_bed":3,"minecraft:nether_bricks":12,"minecraft:flint_and_steel":1,"minecraft:glowstone":19,"minecraft:chest":3,"minecraft:stone_bricks":10,"minecraft:chain_command_block":1,"minecraft:crying_obsidian":11,"minecraft:quartz":96,"minecraft:splash_potion":4,"minecraft:netherrack":90}},"DataVersion":2567}