{
    "condition": "minecraft:alternative",
    "terms": [
        {
            "condition": "minecraft:entity_scores",
            "entity": "this",
            "scores": {
                "dropped_net_pick": {
                    "min": 1,
                    "max": 2147483647
                }
            }
        },
        {
            "condition": "minecraft:entity_scores",
            "entity": "this",
            "scores": {
                "dropped_dia_pick": {
                    "min": 1,
                    "max": 2147483647
                }
            }
        },
        {
            "condition": "minecraft:entity_scores",
            "entity": "this",
            "scores": {
                "dropped_iro_pick": {
                    "min": 1,
                    "max": 2147483647
                }
            }
        },
        {
            "condition": "minecraft:entity_scores",
            "entity": "this",
            "scores": {
                "dropped_gol_pick": {
                    "min": 1,
                    "max": 2147483647
                }
            }
        },
        {
            "condition": "minecraft:entity_scores",
            "entity": "this",
            "scores": {
                "dropped_sto_pick": {
                    "min": 1,
                    "max": 2147483647
                }
            }
        },
        {
            "condition": "minecraft:entity_scores",
            "entity": "this",
            "scores": {
                "dropped_woo_pick": {
                    "min": 1,
                    "max": 2147483647
                }
            }
        }
    ]
}