{"stats":{"minecraft:used":{"minecraft:oak_planks":2,"minecraft:oak_sign":4,"minecraft:ender_pearl":42,"minecraft:stone":147,"minecraft:redstone_block":18,"minecraft:soul_sand":4,"minecraft:dirt":63,"minecraft:tnt":6,"minecraft:crafting_table":1,"minecraft:nether_bricks":27,"minecraft:obsidian":152,"minecraft:flower_pot":1,"minecraft:lever":6,"minecraft:lava_bucket":6,"minecraft:command_block":1,"minecraft:grass_block":17,"minecraft:iron_pickaxe":40,"minecraft:stone_button":2,"minecraft:gravel":41,"minecraft:bedrock":9,"minecraft:fishing_rod":13,"minecraft:fire_charge":13,"minecraft:oak_boat":1,"minecraft:chain_command_block":24,"minecraft:bucket":5,"minecraft:repeating_command_block":27,"minecraft:egg":63},"minecraft:picked_up":{"minecraft:fishing_rod":31,"minecraft:crafting_table":12,"minecraft:wheat":207,"minecraft:golden_pickaxe":24,"minecraft:leather":192,"minecraft:flint":193,"minecraft:nether_brick":6592,"minecraft:oak_log":192,"minecraft:gunpowder":192,"minecraft:string":7808,"minecraft:dirt":6466,"minecraft:iron_axe":36,"minecraft:flint_and_steel":5,"minecraft:iron_shovel":36,"minecraft:blackstone":192,"minecraft:apple":192,"minecraft:wheat_seeds":13,"minecraft:gold_nugget":3168,"minecraft:bucket":1,"minecraft:iron_ingot":485,"minecraft:oak_boat":36,"minecraft:iron_nugget":6096,"minecraft:iron_pickaxe":36,"minecraft:glowstone_dust":3392,"minecraft:chest":14458,"minecraft:oak_planks":2631,"minecraft:soul_sand":2176,"minecraft:egg":372,"minecraft:oak_slab":192,"minecraft:stick":1358,"minecraft:gravel":7680,"minecraft:lava_bucket":36,"minecraft:fire_charge":1984,"minecraft:sand":192,"minecraft:white_bed":7,"minecraft:carrot":565,"minecraft:crying_obsidian":1434,"minecraft:tnt":33,"minecraft:diamond":202,"minecraft:nether_bricks":1840,"minecraft:glowstone":192,"minecraft:gold_ingot":809,"minecraft:blaze_rod":582,"minecraft:netherrack":36,"minecraft:obsidian":576,"minecraft:coal":192,"minecraft:blaze_powder":192,"minecraft:white_wool":192,"minecraft:cobblestone":192,"minecraft:ender_pearl":1964},"minecraft:crafted":{"minecraft:coarse_dirt":3200,"minecraft:golden_axe":2,"minecraft:oak_door":24,"minecraft:diamond_sword":2,"minecraft:blaze_powder":16,"minecraft:nether_bricks":192,"minecraft:golden_shovel":2,"minecraft:bucket":8,"minecraft:glowstone":88,"minecraft:flint_and_steel":7,"minecraft:oak_boat":8,"minecraft:white_wool":458,"minecraft:iron_axe":6,"minecraft:iron_pickaxe":8,"minecraft:iron_shovel":6,"minecraft:ender_eye":16,"minecraft:shears":2},"minecraft:custom":{"minecraft:interact_with_crafting_table":11,"minecraft:play_one_minute":152175,"minecraft:pot_flower":1,"minecraft:leave_game":7,"minecraft:time_since_death":8378,"minecraft:time_since_rest":8401,"minecraft:sprint_one_cm":43401,"minecraft:damage_taken":2700,"minecraft:walk_one_cm":56963,"minecraft:drop":54,"minecraft:fly_one_cm":6488884,"minecraft:open_chest":23,"minecraft:crouch_one_cm":1801,"minecraft:deaths":1,"minecraft:sneak_time":5374,"minecraft:walk_under_water_one_cm":2151,"minecraft:jump":545,"minecraft:walk_on_water_one_cm":68762,"minecraft:fall_one_cm":16857},"minecraft:dropped":{"minecraft:iron_ingot":10,"minecraft:repeating_command_block":1,"minecraft:oak_log":1,"minecraft:tnt":1,"minecraft:ender_pearl":17,"minecraft:crafting_table":1,"minecraft:cobblestone":64,"minecraft:oak_planks":21,"minecraft:flint_and_steel":1,"minecraft:emerald":2,"minecraft:stick":2,"minecraft:dirt":64,"minecraft:cooked_cod":1,"minecraft:oak_boat":1,"minecraft:cooked_salmon":3,"minecraft:heart_of_the_sea":1,"minecraft:iron_axe":1,"minecraft:iron_pickaxe":1,"minecraft:iron_shovel":1,"minecraft:string":14,"minecraft:bucket":1,"minecraft:gold_ingot":6},"minecraft:mined":{"minecraft:nether_bricks":1,"minecraft:tnt":1,"minecraft:dirt":2,"minecraft:netherrack":38}},"DataVersion":2567}