{"stats":{"minecraft:used":{"minecraft:crimson_nylium":208,"minecraft:bedrock":1,"minecraft:netherrack":226,"minecraft:gilded_blackstone":18,"minecraft:basalt":64,"minecraft:ender_eye":7,"minecraft:nether_wart_block":1,"minecraft:lava_bucket":7,"minecraft:crimson_fungus":5,"minecraft:soul_sand":22,"minecraft:warped_fungus":6,"minecraft:flint_and_steel":7,"minecraft:tnt":2,"minecraft:soul_soil":101,"minecraft:bone_block":23,"minecraft:warped_nylium":119,"minecraft:blackstone":249,"minecraft:end_portal_frame":5,"minecraft:chest":4,"minecraft:bone_meal":31,"minecraft:obsidian":26},"minecraft:custom":{"minecraft:open_chest":25,"minecraft:time_since_rest":49187,"minecraft:play_one_minute":49187,"minecraft:crouch_one_cm":353,"minecraft:sprint_one_cm":2187,"minecraft:walk_one_cm":3240,"minecraft:sneak_time":1512,"minecraft:jump":23,"minecraft:damage_dealt":240,"minecraft:leave_game":3,"minecraft:time_since_death":49187,"minecraft:fly_one_cm":538836},"minecraft:picked_up":{"minecraft:warped_roots":2,"minecraft:netherrack":16,"minecraft:crimson_roots":3}},"DataVersion":2584}