{"stats":{"minecraft:crafted":{"minecraft:nether_brick_slab":24,"minecraft:fishing_rod":34,"minecraft:leather_leggings":1,"minecraft:leather_boots":1,"minecraft:blaze_powder":132,"minecraft:iron_axe":82,"minecraft:ender_eye":74,"minecraft:respawn_anchor":270,"minecraft:crafting_table":4,"minecraft:wooden_pickaxe":1,"minecraft:nether_bricks":2128,"minecraft:golden_pickaxe":146,"minecraft:glowstone":1288,"minecraft:white_wool":2491,"minecraft:stick":360,"minecraft:iron_ingot":222,"minecraft:leather_chestplate":1,"minecraft:wooden_axe":1,"minecraft:white_bed":1066},"minecraft:custom":{"minecraft:interact_with_anvil":2,"minecraft:mob_kills":2782,"minecraft:interact_with_crafting_table":571,"minecraft:leave_game":215,"minecraft:time_since_death":209260,"minecraft:sprint_one_cm":1402080,"minecraft:walk_one_cm":2701468,"minecraft:drop":264,"minecraft:deaths":24,"minecraft:sneak_time":156020,"minecraft:jump":13718,"minecraft:play_one_minute":1669859,"minecraft:time_since_rest":209260,"minecraft:damage_taken":32055,"minecraft:damage_dealt":554821,"minecraft:fly_one_cm":10477990,"minecraft:open_chest":878,"minecraft:crouch_one_cm":323951,"minecraft:fall_one_cm":219008},"minecraft:broken":{"minecraft:golden_pickaxe":1,"minecraft:fishing_rod":2},"minecraft:dropped":{"minecraft:iron_ingot":8,"minecraft:soul_sand":1,"minecraft:golden_pickaxe":1,"minecraft:diamond":1,"minecraft:command_block":3,"minecraft:stick":3,"minecraft:oxeye_daisy":1,"minecraft:repeater":1,"minecraft:wooden_axe":45,"minecraft:white_concrete":2,"minecraft:snowball":1,"minecraft:iron_pickaxe":12,"minecraft:redstone":2,"minecraft:dandelion":1,"minecraft:armor_stand":1,"minecraft:nether_brick_slab":2,"minecraft:blaze_rod":3,"minecraft:lime_concrete":1,"minecraft:netherite_sword":1,"minecraft:obsidian":1,"minecraft:nether_brick_fence":372,"minecraft:poppy":1,"minecraft:netherrack":54,"minecraft:egg":1},"minecraft:mined":{"minecraft:nether_gold_ore":1,"minecraft:white_bed":5,"minecraft:nether_bricks":3184,"minecraft:fire":3670,"minecraft:nether_brick_fence":254,"minecraft:white_wool":1,"minecraft:soul_sand":14,"minecraft:soul_fire":14,"minecraft:crafting_table":216,"minecraft:tnt":2,"minecraft:netherrack":92},"minecraft:killed":{"minecraft:blaze":2728},"minecraft:killed_by":{"minecraft:blaze":1},"minecraft:used":{"minecraft:nether_brick_fence":369,"minecraft:netherite_sword":32,"minecraft:iron_shovel":14,"minecraft:flint_and_steel":215,"minecraft:red_concrete":307,"minecraft:armor_stand":36,"minecraft:redstone":401,"minecraft:oak_sign":289,"minecraft:white_concrete_powder":2,"minecraft:chest":60,"minecraft:iron_sword":32,"minecraft:quartz_stairs":1,"minecraft:structure_block":29,"minecraft:player_head":7,"minecraft:netherrack":3527,"minecraft:soul_sand":792,"minecraft:anvil":2,"minecraft:white_carpet":83,"minecraft:nether_quartz_ore":46,"minecraft:nether_bricks":6144,"minecraft:nether_brick_slab":20,"minecraft:snowball":521,"minecraft:obsidian":2173,"minecraft:wooden_axe":709,"minecraft:sea_lantern":63,"minecraft:lava_bucket":211,"minecraft:iron_axe":4898,"minecraft:spawner":16,"minecraft:dark_oak_button":1,"minecraft:blaze_spawn_egg":6,"minecraft:birch_button":3,"minecraft:repeater":133,"minecraft:lime_concrete":13,"minecraft:magma_block":23,"minecraft:jungle_button":1,"minecraft:egg":245,"minecraft:golden_axe":10,"minecraft:yellow_banner":1,"minecraft:end_rod":3,"minecraft:wither_skeleton_skull":1,"minecraft:oak_planks":1,"minecraft:ender_pearl":14,"minecraft:brown_mushroom":3,"minecraft:redstone_block":20,"minecraft:diamond_axe":87,"minecraft:smooth_quartz_stairs":4,"minecraft:white_wool":2,"minecraft:respawn_anchor":1,"minecraft:tnt":65,"minecraft:crafting_table":341,"minecraft:yellow_concrete":2,"minecraft:white_bed":273,"minecraft:nether_gold_ore":39,"minecraft:black_concrete":1321,"minecraft:command_block":967,"minecraft:iron_pickaxe":2243,"minecraft:bread":26,"minecraft:barrier":143,"minecraft:string":1,"minecraft:stone_button":43,"minecraft:gravel":2,"minecraft:stone_axe":1728,"minecraft:fishing_rod":346,"minecraft:chain_command_block":176,"minecraft:repeating_command_block":217,"minecraft:white_concrete":4003,"minecraft:splash_potion":424,"minecraft:golden_pickaxe":1417},"minecraft:picked_up":{"minecraft:wooden_axe":136,"minecraft:fishing_rod":89,"minecraft:crafting_table":1599,"minecraft:splash_potion":1420,"minecraft:nether_brick_fence":738,"minecraft:golden_pickaxe":58,"minecraft:diamond_sword":1,"minecraft:nether_brick":69286,"minecraft:golden_sword":4,"minecraft:shield":61,"minecraft:string":58865,"minecraft:iron_axe":972,"minecraft:flint_and_steel":1387,"minecraft:iron_shovel":1213,"minecraft:oak_sign":4,"minecraft:gold_nugget":8,"minecraft:netherite_sword":1,"minecraft:iron_nugget":9866,"minecraft:poppy":1,"minecraft:iron_pickaxe":1445,"minecraft:chest":34,"minecraft:egg":221,"minecraft:stick":3261,"minecraft:golden_axe":105,"minecraft:stone_button":1,"minecraft:redstone":47,"minecraft:light_gray_stained_glass_pane":167970,"minecraft:tnt":476,"minecraft:rotten_flesh":2,"minecraft:stone_shovel":225,"minecraft:cooked_cod":1404,"minecraft:nether_bricks":14176,"minecraft:gold_ingot":3975,"minecraft:blaze_rod":1301,"minecraft:snowball":836,"minecraft:obsidian":13891,"minecraft:white_wool":4827,"minecraft:oxeye_daisy":1,"minecraft:repeater":1,"minecraft:salmon":4,"minecraft:oak_log":4,"minecraft:acacia_boat":4,"minecraft:bone":2,"minecraft:iron_ingot":720,"minecraft:glowstone_dust":35072,"minecraft:oak_planks":20108,"minecraft:iron_sword":66,"minecraft:soul_sand":22972,"minecraft:ghast_tear":1,"minecraft:lime_concrete":1,"minecraft:dandelion":1,"minecraft:lava_bucket":1,"minecraft:gravel":11520,"minecraft:black_stained_glass_pane":1051,"minecraft:white_bed":141,"minecraft:crying_obsidian":13140,"minecraft:diamond":1,"minecraft:stone_axe":225,"minecraft:black_concrete":1,"minecraft:white_concrete":2,"minecraft:bread":8690,"minecraft:netherrack":8850,"minecraft:coal":3,"minecraft:ender_pearl":7087}},"DataVersion":2567}