{"stats":{"minecraft:picked_up":{"minecraft:fishing_rod":1,"minecraft:stone_shovel":7,"minecraft:stone_axe":7,"minecraft:nether_bricks":56,"minecraft:bread":56,"minecraft:iron_pickaxe":7,"minecraft:netherrack":112,"minecraft:light_gray_stained_glass_pane":1344},"minecraft:custom":{"minecraft:time_since_rest":52,"minecraft:open_chest":18,"minecraft:play_one_minute":5427,"minecraft:crouch_one_cm":65,"minecraft:sprint_one_cm":3734,"minecraft:walk_one_cm":7717,"minecraft:damage_taken":90,"minecraft:deaths":4,"minecraft:sneak_time":351,"minecraft:mob_kills":1,"minecraft:jump":23,"minecraft:damage_dealt":2,"minecraft:leave_game":1,"minecraft:time_since_death":52,"minecraft:fall_one_cm":209,"minecraft:fly_one_cm":40108},"minecraft:used":{"minecraft:netherrack":2,"minecraft:nether_bricks":1,"minecraft:player_head":8}},"DataVersion":2567}