{
  "pools": [
    {
      "rolls": 1,
      "entries": [
        {
          "type": "item",
          "name": "minecraft:carrot",
          "functions": [
            {
              "function": "set_count",
              "count": {
                "min": 3,
                "max": 7
              }
            }
          ],
          "conditions": [
            {
              "condition": "random_chance",
              "chance": 0.7
            }
          ]
        }
      ]
    },
    {
      "rolls": 1,
      "entries": [
        {
          "type": "item",
          "name": "minecraft:wheat",
          "functions": [
            {
              "function": "set_count",
              "count": {
                "min": 6,
                "max": 18
              }
            }
          ],
          "conditions": [
            {
              "condition": "random_chance",
              "chance": 0.7
            }
          ]
        }
      ]
    },
    {
      "rolls": 1,
      "entries": [
        {
          "type": "item",
          "name": "minecraft:coal",
          "functions": [
            {
              "function": "set_count",
              "count": {
                "min": 2,
                "max": 5
              }
            }
          ],
          "conditions": [
            {
              "condition": "random_chance",
              "chance": 0.5
            }
          ]
        }
      ]
    },
    {
      "rolls": 1,
      "entries": [
        {
          "type": "item",
          "name": "minecraft:potato",
          "functions": [
            {
              "function": "set_count",
              "count": {
                "min": 2,
                "max": 5
              }
            }
          ],
          "conditions": [
            {
              "condition": "random_chance",
              "chance": 0.4
            }
          ]
        }
      ]
    },
    {
      "rolls": 1,
      "entries": [
        {
          "type": "item",
          "name": "minecraft:suspicious_stew",
          "functions": [
            {
              "function": "set_count",
              "count": {
                "min": 1,
                "max": 3
              }
            }
          ],
          "conditions": [
            {
              "condition": "random_chance",
              "chance": 0.6
            }
          ]
        }
      ]
    },
    {
      "rolls": 1,
      "entries": [
        {
          "type": "item",
          "name": "minecraft:bamboo",
          "functions": [
            {
              "function": "set_count",
              "count": {
                "min": 2,
                "max": 6
              }
            }
          ],
          "conditions": [
            {
              "condition": "random_chance",
              "chance": 0.4
            }
          ]
        }
      ]
    },
    {
      "rolls": 1,
      "entries": [
        {
          "type": "item",
          "name": "minecraft:paper",
          "functions": [
            {
              "function": "set_count",
              "count": {
                "min": 2,
                "max": 6
              }
            }
          ],
          "conditions": [
            {
              "condition": "random_chance",
              "chance": 0.4
            }
          ]
        }
      ]
    },
    {
      "rolls": 1,
      "entries": [
        {
          "type": "item",
          "name": "minecraft:poisonous_potato",
          "functions": [
            {
              "function": "set_count",
              "count": {
                "min": 2,
                "max": 4
              }
            }
          ],
          "conditions": [
            {
              "condition": "random_chance",
              "chance": 0.3
            }
          ]
        }
      ]
    }
  ]
}
