{
  "pools": [
    {
      "rolls": 1,
      "entries": [
        {
          "type": "item",
          "name": "minecraft:iron_ingot",
          "functions": [
            {
              "function": "set_count",
              "count": {
                "min": 7,
                "max": 13
              }
            }
          ]
        }
      ]
    },
    {
      "rolls": 1,
      "entries": [
        {
          "type": "item",
          "name": "minecraft:iron_nugget",
          "functions": [
            {
              "function": "set_count",
              "count": {
                "min": 9,
                "max": 18
              }
            }
          ],
          "conditions": [
            {
              "condition": "random_chance",
              "chance": 0.4
            }
          ]
        }
      ]
    },
    {
      "rolls": 1,
      "entries": [
        {
          "type": "item",
          "name": "minecraft:gold_nugget",
          "functions": [
            {
              "function": "set_count",
              "count": {
                "min": 9,
                "max": 18
              }
            }
          ],
          "conditions": [
            {
              "condition": "random_chance",
              "chance": 0.5
            }
          ]
        }
      ]
    },
    {
      "rolls": 1,
      "entries": [
        {
          "type": "item",
          "name": "minecraft:lapis_lazuli",
          "functions": [
            {
              "function": "set_count",
              "count": {
                "min": 1,
                "max": 4
              }
            }
          ],
          "conditions": [
            {
              "condition": "random_chance",
              "chance": 0.4
            }
          ]
        }
      ]
    },
    {
      "rolls": 1,
      "entries": [
        {
          "type": "item",
          "name": "minecraft:emerald",
          "functions": [
            {
              "function": "set_count",
              "count": {
                "min": 1,
                "max": 4
              }
            }
          ],
          "conditions": [
            {
              "condition": "random_chance",
              "chance": 0.4
            }
          ]
        }
      ]
    },
    {
      "rolls": 1,
      "entries": [
        {
          "type": "item",
          "name": "minecraft:experience_bottle",
          "functions": [
            {
              "function": "set_count",
              "count": {
                "min": 1,
                "max": 2
              }
            }
          ],
          "conditions": [
            {
              "condition": "random_chance",
              "chance": 0.4
            }
          ]
        }
      ]
    }
  ]
}
