{"stats":{"minecraft:custom":{"minecraft:mob_kills":64,"minecraft:play_one_minute":1737336,"minecraft:leave_game":22,"minecraft:time_since_death":1702449,"minecraft:time_since_rest":1702469,"minecraft:sprint_one_cm":528817,"minecraft:walk_one_cm":526196,"minecraft:drop":3,"minecraft:damage_dealt":10649,"minecraft:fly_one_cm":5369877,"minecraft:open_chest":41,"minecraft:crouch_one_cm":1749,"minecraft:deaths":2,"minecraft:sneak_time":5482,"minecraft:jump":4681,"minecraft:walk_on_water_one_cm":3352},"minecraft:picked_up":{"minecraft:salmon":2,"minecraft:potato":1,"minecraft:bedrock":128,"minecraft:gunpowder":7,"minecraft:string":7,"minecraft:spawner":2,"minecraft:glass":128,"minecraft:bone":20,"minecraft:oak_sign":33,"minecraft:bow":3,"minecraft:silverfish_spawn_egg":128,"minecraft:chest":129,"minecraft:porkchop":26,"minecraft:soul_torch":1,"minecraft:grass_block":129,"minecraft:spider_eye":2,"minecraft:arrow":20,"minecraft:rotten_flesh":15,"minecraft:polished_diorite":128,"minecraft:cow_spawn_egg":128,"minecraft:painting":1},"minecraft:used":{"minecraft:spider_spawn_egg":6,"minecraft:oak_fence":15,"minecraft:water_bucket":38,"minecraft:netherite_sword":137,"minecraft:writable_book":9,"minecraft:cow_spawn_egg":61,"minecraft:dropper":1,"minecraft:flint_and_steel":1,"minecraft:dispenser":1,"minecraft:redstone":5,"minecraft:oak_sign":102,"minecraft:blue_wool":51,"minecraft:silverfish_spawn_egg":5,"minecraft:chest":12,"minecraft:stone":27,"minecraft:zombie_spawn_egg":20,"minecraft:oak_door":4,"minecraft:orange_bed":1,"minecraft:white_wool":10,"minecraft:dirt":37,"minecraft:target":4,"minecraft:comparator":1,"minecraft:skeleton_spawn_egg":94,"minecraft:tnt":1,"minecraft:cave_spider_spawn_egg":5,"minecraft:chiseled_quartz_block":108,"minecraft:bee_nest":1,"minecraft:polar_bear_spawn_egg":2,"minecraft:painting":7,"minecraft:warped_planks":101,"minecraft:polished_diorite":63,"minecraft:obsidian":12,"minecraft:creeper_spawn_egg":36,"minecraft:redstone_torch":2,"minecraft:glass":573,"minecraft:piston":1,"minecraft:black_wool":9,"minecraft:lava_bucket":4,"minecraft:quartz_pillar":985,"minecraft:villager_spawn_egg":6,"minecraft:red_wool":99,"minecraft:grass_block":894,"minecraft:warped_fence":116,"minecraft:stone_button":1,"minecraft:spawner":23,"minecraft:smooth_quartz":15,"minecraft:bedrock":85,"minecraft:written_book":26,"minecraft:bucket":4,"minecraft:glass_pane":1,"minecraft:observer":1,"minecraft:soul_torch":15},"minecraft:dropped":{"minecraft:soul_torch":1,"minecraft:grass_block":1,"minecraft:chest":1},"minecraft:killed":{"minecraft:cave_spider":1,"minecraft:pig":10,"minecraft:spider":4,"minecraft:creeper":11,"minecraft:skeleton":21,"minecraft:zombie":12,"minecraft:silverfish":1,"minecraft:villager":3}},"DataVersion":2567}