{
  "mc_version": "1.16.1",
  "speedrunigt_version": "13.6+1.16.1",
  "category": "pratice_world",
  "run_type": "old_world",
  "is_completed": true,
  "is_coop": false,
  "is_hardcore": false,
  "world_name": "_zero_cycle_practice_astraf_nayoar",
  "is_cheat_allowed": false,
  "default_gamemode": 1,
  "date": 1705152239891,
  "retimed_igt": 8695,
  "final_igt": 8695,
  "stats_igt": 183036400,
  "final_rta": 8695,
  "open_lan": null,
  "timelines": [],
  "advancements": {},
  "stats": {
    "92b63a39-b36a-445f-a94c-77ae212dcea3": {
      "stats": {
        "minecraft:mined": {
          "minecraft:white_bed": 157,
          "minecraft:magenta_stained_glass": 2,
          "minecraft:twisting_vines_plant": 5,
          "minecraft:crimson_nylium": 2,
          "minecraft:end_stone": 262,
          "minecraft:torch": 2,
          "minecraft:lever": 1,
          "minecraft:stone_button": 19,
          "minecraft:cobblestone": 490,
          "minecraft:wall_torch": 65,
          "minecraft:glowstone": 15,
          "minecraft:fire": 597,
          "minecraft:twisting_vines": 113,
          "minecraft:cyan_concrete": 1,
          "minecraft:rail": 8,
          "minecraft:iron_bars": 18,
          "minecraft:gravel": 39,
          "minecraft:oak_leaves": 4
        },
        "minecraft:crafted": {
          "minecraft:jungle_button": 1,
          "minecraft:white_dye": 64,
          "minecraft:stick": 4
        },
        "minecraft:picked_up": {
          "minecraft:shulker_shell": 1,
          "minecraft:netherite_boots": 5,
          "minecraft:jungle_boat": 2796,
          "minecraft:water_bucket": 2071,
          "minecraft:golden_pickaxe": 9211,
          "minecraft:dark_oak_boat": 565,
          "minecraft:flint": 3,
          "minecraft:gunpowder": 1,
          "minecraft:soul_soil": 320,
          "minecraft:flint_and_steel": 315,
          "minecraft:twisting_vines": 589706,
          "minecraft:item_frame": 9,
          "minecraft:experience_bottle": 961,
          "minecraft:bow": 360,
          "minecraft:tnt_minecart": 1440,
          "minecraft:respawn_anchor": 590592,
          "minecraft:netherite_sword": 1,
          "minecraft:iron_ingot": 8,
          "minecraft:player_head": 2,
          "minecraft:glowstone_dust": 37,
          "minecraft:iron_pickaxe": 9214,
          "minecraft:minecart": 1,
          "minecraft:powered_rail": 27,
          "minecraft:cyan_concrete": 1,
          "minecraft:egg": 9212,
          "minecraft:stick": 6,
          "minecraft:end_stone": 237,
          "minecraft:torch": 51,
          "minecraft:gravel": 284118,
          "minecraft:jungle_planks": 9,
          "minecraft:stone_button": 33,
          "minecraft:white_bed": 116554,
          "minecraft:end_crystal": 1088,
          "minecraft:crying_obsidian": 589504,
          "minecraft:firework_rocket": 1088,
          "minecraft:arrow": 611425,
          "minecraft:beetroot_seeds": 8,
          "minecraft:lever": 1,
          "minecraft:crossbow": 3889,
          "minecraft:bone_meal": 569339,
          "minecraft:glowstone": 590574,
          "minecraft:gold_ingot": 12,
          "minecraft:bread": 589184,
          "minecraft:netherrack": 73346,
          "minecraft:crimson_nylium": 384,
          "minecraft:iron_bars": 45,
          "minecraft:cobblestone": 588931,
          "minecraft:oak_leaves": 1216,
          "minecraft:rail": 23070,
          "minecraft:ender_pearl": 147121
        },
        "minecraft:used": {
          "minecraft:water_bucket": 246,
          "minecraft:iron_bars": 11,
          "minecraft:flint_and_steel": 22,
          "minecraft:armor_stand": 65,
          "minecraft:glass_bottle": 9,
          "minecraft:powered_rail": 2819,
          "minecraft:ender_pearl": 19557,
          "minecraft:redstone_block": 570,
          "minecraft:warped_sign": 1,
          "minecraft:player_head": 1491,
          "minecraft:oak_leaves": 302,
          "minecraft:jungle_boat": 86,
          "minecraft:netherrack": 45,
          "minecraft:torch": 7,
          "minecraft:respawn_anchor": 5374,
          "minecraft:diamond_block": 5277,
          "minecraft:rail": 755,
          "minecraft:jungle_planks": 3,
          "minecraft:twisting_vines": 340,
          "minecraft:crossbow": 53,
          "minecraft:white_bed": 13638,
          "minecraft:end_stone": 58,
          "minecraft:obsidian": 17,
          "minecraft:piston": 1,
          "minecraft:lever": 1,
          "minecraft:sea_lantern": 1,
          "minecraft:firework_rocket": 2,
          "minecraft:crying_obsidian": 21079,
          "minecraft:dark_oak_log": 69,
          "minecraft:iron_pickaxe": 867,
          "minecraft:bread": 155,
          "minecraft:stone_button": 15,
          "minecraft:tnt_minecart": 194,
          "minecraft:detector_rail": 5,
          "minecraft:gravel": 140,
          "minecraft:crimson_nylium": 27,
          "minecraft:item_frame": 92,
          "minecraft:potion": 1,
          "minecraft:bedrock": 1,
          "minecraft:dark_oak_boat": 33,
          "minecraft:glowstone": 801,
          "minecraft:cobblestone": 116921,
          "minecraft:bow": 69,
          "minecraft:jungle_button": 1,
          "minecraft:end_crystal": 3,
          "minecraft:soul_soil": 5,
          "minecraft:gold_block": 7,
          "minecraft:minecart": 19,
          "minecraft:bucket": 212,
          "minecraft:magenta_glazed_terracotta": 12,
          "minecraft:egg": 8412,
          "minecraft:golden_pickaxe": 79,
          "minecraft:enchanted_golden_apple": 3,
          "minecraft:bone_meal": 613,
          "minecraft:experience_bottle": 18,
          "minecraft:brain_coral_block": 8
        },
        "minecraft:killed": {
          "minecraft:shulker": 1
        },
        "minecraft:killed_by": {
          "minecraft:creeper": 6,
          "minecraft:ender_dragon": 211
        },
        "minecraft:custom": {
          "minecraft:mob_kills": 1,
          "minecraft:play_one_minute": 3660729,
          "minecraft:leave_game": 409,
          "minecraft:time_since_death": 147167,
          "minecraft:climb_one_cm": 51466,
          "minecraft:damage_resisted": 144220,
          "minecraft:time_since_rest": 147167,
          "minecraft:sprint_one_cm": 3260944,
          "minecraft:damage_absorbed": 480,
          "minecraft:damage_taken": 1424831,
          "minecraft:walk_one_cm": 3492332,
          "minecraft:drop": 345,
          "minecraft:damage_dealt": 411,
          "minecraft:minecart_one_cm": 378071,
          "minecraft:swim_one_cm": 11930,
          "minecraft:fly_one_cm": 17220063,
          "minecraft:open_chest": 51,
          "minecraft:crouch_one_cm": 1408195,
          "minecraft:deaths": 916,
          "minecraft:sneak_time": 512984,
          "minecraft:walk_under_water_one_cm": 13560,
          "minecraft:boat_one_cm": 65747,
          "minecraft:aviate_one_cm": 471214,
          "minecraft:jump": 128815,
          "minecraft:interact_with_brewingstand": 1,
          "minecraft:walk_on_water_one_cm": 12161,
          "minecraft:fall_one_cm": 7030535
        },
        "minecraft:dropped": {
          "minecraft:water_bucket": 2,
          "minecraft:bread": 63,
          "minecraft:soul_soil": 64,
          "minecraft:player_head": 1,
          "minecraft:ender_pearl": 66,
          "minecraft:glass_bottle": 1,
          "minecraft:twisting_vines": 362,
          "minecraft:netherite_sword": 1,
          "minecraft:cobblestone": 693,
          "minecraft:end_stone": 2,
          "minecraft:white_bed": 8,
          "minecraft:gunpowder": 1,
          "minecraft:glowstone": 107,
          "minecraft:bone_meal": 64,
          "minecraft:iron_pickaxe": 58,
          "minecraft:crying_obsidian": 42,
          "minecraft:dark_oak_boat": 1,
          "minecraft:egg": 2
        }
      },
      "DataVersion": 2567
    }
  }
}