{"stats":{"minecraft:dropped":{"minecraft:respawn_anchor":1,"minecraft:gray_stained_glass_pane":1,"minecraft:glass_bottle":2,"minecraft:ender_pearl":1,"minecraft:command_block":1,"minecraft:iron_pickaxe":1,"minecraft:black_concrete":1,"minecraft:anvil":1,"minecraft:stone_axe":1,"minecraft:crimson_button":1,"minecraft:crying_obsidian":1},"minecraft:mined":{"minecraft:white_bed":8,"minecraft:end_stone":12,"minecraft:nether_bricks":20,"minecraft:fire":108,"minecraft:crafting_table":1,"minecraft:chest":2,"minecraft:wall_torch":439,"minecraft:gravel":3,"minecraft:crimson_wall_sign":9},"minecraft:killed":{"minecraft:ender_dragon":7,"minecraft:cow":1},"minecraft:custom":{"minecraft:mob_kills":9,"minecraft:interact_with_anvil":46,"minecraft:interact_with_crafting_table":141,"minecraft:open_barrel":8,"minecraft:open_shulker_box":10,"minecraft:bell_ring":16,"minecraft:leave_game":1708,"minecraft:time_since_death":96463,"minecraft:damage_resisted":68,"minecraft:sprint_one_cm":1568528,"minecraft:walk_one_cm":3963872,"minecraft:drop":12,"minecraft:deaths":101,"minecraft:sneak_time":205154,"minecraft:boat_one_cm":186,"minecraft:jump":19284,"minecraft:play_one_minute":4564991,"minecraft:time_since_rest":96463,"minecraft:damage_taken":75280,"minecraft:open_enderchest":1761,"minecraft:damage_absorbed":32,"minecraft:trigger_trapped_chest":22,"minecraft:damage_dealt":149,"minecraft:fly_one_cm":19445808,"minecraft:open_chest":2055,"minecraft:crouch_one_cm":358341,"minecraft:fall_one_cm":417643},"minecraft:killed_by":{"minecraft:enderman":3,"minecraft:ender_dragon":11},"minecraft:crafted":{"minecraft:white_bed":639},"minecraft:used":{"minecraft:netherite_sword":2,"minecraft:blue_terracotta":739,"minecraft:writable_book":2,"minecraft:red_sand":5,"minecraft:armor_stand":76,"minecraft:red_concrete":41,"minecraft:carrot_on_a_stick":71,"minecraft:chest":121,"minecraft:ender_chest":50,"minecraft:stone":65,"minecraft:purple_shulker_box":4,"minecraft:smooth_sandstone_stairs":167,"minecraft:red_nether_brick_stairs":16,"minecraft:bell":1,"minecraft:player_head":2,"minecraft:structure_block":241,"minecraft:farmland":1,"minecraft:stripped_crimson_stem":22,"minecraft:torch":12,"minecraft:end_stone_brick_wall":198,"minecraft:anvil":13,"minecraft:target":1,"minecraft:nether_bricks":1361,"minecraft:orange_wool":2,"minecraft:nether_brick_slab":196,"minecraft:acacia_button":1,"minecraft:blue_concrete":4,"minecraft:nether_brick_stairs":29,"minecraft:obsidian":662,"minecraft:purple_stained_glass_pane":70,"minecraft:brown_terracotta":24,"minecraft:crimson_button":17,"minecraft:cyan_terracotta":52,"minecraft:lava_bucket":7,"minecraft:quartz_pillar":30,"minecraft:smooth_sandstone":307,"minecraft:chicken_spawn_egg":4,"minecraft:dark_oak_button":6,"minecraft:crimson_planks":44,"minecraft:barrel":2,"minecraft:bedrock":89,"minecraft:repeater":4,"minecraft:purple_concrete":104,"minecraft:glowstone":7,"minecraft:red_nether_brick_wall":25,"minecraft:black_stained_glass":2,"minecraft:magenta_wool":2,"minecraft:written_book":2,"minecraft:jungle_button":1,"minecraft:egg":107,"minecraft:trapped_chest":1,"minecraft:crimson_pressure_plate":1,"minecraft:end_stone_brick_stairs":36,"minecraft:dead_bubble_coral_block":1,"minecraft:dragon_head":4,"minecraft:enchanted_golden_apple":2,"minecraft:nether_brick_wall":103,"minecraft:end_stone_bricks":145,"minecraft:jigsaw":1,"minecraft:sandstone_stairs":11,"minecraft:lodestone":1,"minecraft:yellow_shulker_box":5,"minecraft:glass_bottle":3,"minecraft:smooth_sandstone_slab":11,"minecraft:ender_pearl":286,"minecraft:redstone_block":46,"minecraft:end_stone_brick_slab":20,"minecraft:cobblestone_slab":1,"minecraft:purpur_pillar":26,"minecraft:white_wool":4,"minecraft:respawn_anchor":81,"minecraft:dark_oak_trapdoor":23,"minecraft:purpur_stairs":61,"minecraft:stripped_dark_oak_log":3,"minecraft:comparator":2,"minecraft:light_blue_concrete":44,"minecraft:cut_sandstone_slab":2,"minecraft:crafting_table":136,"minecraft:red_bed":5,"minecraft:light_blue_wool":2,"minecraft:acacia_leaves":6,"minecraft:white_bed":3343,"minecraft:purple_terracotta":1,"minecraft:end_stone":1290,"minecraft:warped_planks":4,"minecraft:redstone_torch":2,"minecraft:black_terracotta":24,"minecraft:piston":6,"minecraft:lever":10,"minecraft:ender_eye":8,"minecraft:black_concrete":1019,"minecraft:black_wool":1,"minecraft:crying_obsidian":570,"minecraft:command_block":97,"minecraft:barrier":134,"minecraft:iron_pickaxe":4,"minecraft:stone_button":7,"minecraft:cyan_concrete":4,"minecraft:polished_granite":1,"minecraft:gravel":1805,"minecraft:crimson_nylium":154,"minecraft:crimson_sign":591,"minecraft:stone_axe":386,"minecraft:fishing_rod":10,"minecraft:cobblestone":1,"minecraft:potion":94,"minecraft:end_crystal":100,"minecraft:crimson_stairs":1,"minecraft:bubble_coral_block":1,"minecraft:chain_command_block":24,"minecraft:oak_boat":12,"minecraft:end_portal_frame":21,"minecraft:polished_blackstone_button":13,"minecraft:compass":1,"minecraft:purple_carpet":6,"minecraft:warped_button":9,"minecraft:brown_mushroom_block":51,"minecraft:golden_pickaxe":40},"minecraft:picked_up":{"minecraft:crafting_table":389,"minecraft:anvil":1,"minecraft:golden_pickaxe":384,"minecraft:enchanted_book":1,"minecraft:potion":389,"minecraft:dragon_head":2,"minecraft:dragon_breath":2,"minecraft:red_bed":8,"minecraft:compass":2,"minecraft:red_sand":2,"minecraft:respawn_anchor":348,"minecraft:oak_boat":384,"minecraft:flower_banner_pattern":2,"minecraft:ender_eye":2,"minecraft:iron_pickaxe":385,"minecraft:enchanted_golden_apple":1,"minecraft:chest":64,"minecraft:birch_sapling":2,"minecraft:crimson_sign":52,"minecraft:end_stone":3,"minecraft:torch":27,"minecraft:crimson_button":1,"minecraft:target":2,"minecraft:stone_button":1,"minecraft:warped_button":1,"minecraft:end_crystal":2,"minecraft:gray_stained_glass_pane":465,"minecraft:command_block":1,"minecraft:stone_shovel":384,"minecraft:nether_bricks":12298,"minecraft:glowstone":292,"minecraft:totem_of_undying":2,"minecraft:white_wool":5235,"minecraft:furnace_minecart":1,"minecraft:yellow_shulker_box":1,"minecraft:barrier":41920,"minecraft:feather":54,"minecraft:carrot_on_a_stick":2,"minecraft:end_portal_frame":2,"minecraft:acacia_boat":1,"minecraft:paper":1,"minecraft:polished_granite":64,"minecraft:apple":261,"minecraft:bow":1,"minecraft:glass_bottle":1,"minecraft:oak_planks":5235,"minecraft:gravel":24579,"minecraft:white_bed":2,"minecraft:nether_brick_slab":18,"minecraft:gold_ore":2,"minecraft:crying_obsidian":7905,"minecraft:dragon_egg":2,"minecraft:black_concrete":1,"minecraft:stone_axe":387,"minecraft:writable_book":1,"minecraft:golden_apple":11,"minecraft:bread":4676,"minecraft:nether_star":4,"minecraft:ender_pearl":835}},"DataVersion":2567}