{"stats":{"minecraft:crafted":{"minecraft:suspicious_stew":1},"minecraft:mined":{"minecraft:scaffolding":1},"minecraft:killed":{"minecraft:shulker":1},"minecraft:used":{"minecraft:black_terracotta":1,"minecraft:water_bucket":1,"minecraft:diorite":2,"minecraft:green_concrete":7,"minecraft:blue_terracotta":242,"minecraft:black_concrete":86,"minecraft:orange_concrete":91,"minecraft:iron_axe":5,"minecraft:grass_block":72,"minecraft:red_concrete":142,"minecraft:prismarine":26,"minecraft:blackstone":1,"minecraft:ender_pearl":2,"minecraft:magenta_concrete":7,"minecraft:white_terracotta":28,"minecraft:ender_chest":1,"minecraft:blue_bed":5,"minecraft:conduit":7,"minecraft:pink_concrete":85,"minecraft:purple_concrete":166,"minecraft:dirt":250,"minecraft:lime_concrete":134,"minecraft:bow":2,"minecraft:light_blue_concrete":95,"minecraft:scaffolding":74,"minecraft:light_blue_wool":25,"minecraft:spruce_log":6,"minecraft:yellow_concrete":350,"minecraft:gold_block":410,"minecraft:oak_boat":2,"minecraft:shulker_spawn_egg":1,"minecraft:egg":1,"minecraft:gray_concrete":26,"minecraft:white_concrete":312,"minecraft:enchanted_golden_apple":1,"minecraft:splash_potion":8,"minecraft:end_stone":17,"minecraft:blue_concrete":143,"minecraft:obsidian":78},"minecraft:custom":{"minecraft:time_since_rest":4010,"minecraft:sprint_one_cm":80108,"minecraft:damage_taken":710,"minecraft:walk_one_cm":65878,"minecraft:mob_kills":2,"minecraft:drop":1,"minecraft:damage_dealt":319,"minecraft:interact_with_beacon":4,"minecraft:swim_one_cm":48,"minecraft:fly_one_cm":1098140,"minecraft:open_chest":6,"minecraft:crouch_one_cm":8538,"minecraft:play_one_minute":88184,"minecraft:deaths":2,"minecraft:sneak_time":4657,"minecraft:walk_under_water_one_cm":2675,"minecraft:boat_one_cm":443,"minecraft:jump":352,"minecraft:leave_game":1,"minecraft:walk_on_water_one_cm":253,"minecraft:time_since_death":4005,"minecraft:climb_one_cm":3366,"minecraft:fall_one_cm":6371},"minecraft:picked_up":{"minecraft:book":2,"minecraft:scaffolding":4,"minecraft:dark_oak_sapling":8,"minecraft:cocoa_beans":128,"minecraft:end_stone":1,"minecraft:water_bucket":2,"minecraft:beacon":1,"minecraft:jungle_fence":128,"minecraft:spruce_fence":128,"minecraft:blue_bed":10,"minecraft:iron_axe":2,"minecraft:sticky_piston":128,"minecraft:iron_shovel":2,"minecraft:birch_fence":128,"minecraft:arrow":2,"minecraft:respawn_anchor":128,"minecraft:crossbow":2,"minecraft:oak_boat":2,"minecraft:glowstone":128,"minecraft:iron_pickaxe":2,"minecraft:dark_oak_fence":128,"minecraft:egg":32,"minecraft:ender_pearl":32,"minecraft:cobblestone":256,"minecraft:sunflower":4},"minecraft:dropped":{"minecraft:end_stone":1}},"DataVersion":2567}