{"stats":{"minecraft:mined":{"minecraft:scaffolding":2},"minecraft:used":{"minecraft:warped_stem":41,"minecraft:blue_terracotta":43,"minecraft:acacia_log":8,"minecraft:orange_concrete":92,"minecraft:flint_and_steel":3,"minecraft:red_concrete":95,"minecraft:ender_pearl":9,"minecraft:stone":5,"minecraft:magenta_stained_glass":3,"minecraft:beacon":5,"minecraft:conduit":27,"minecraft:netherrack":177,"minecraft:cracked_stone_bricks":4,"minecraft:pink_concrete":140,"minecraft:dirt":12,"minecraft:nether_bricks":534,"minecraft:yellow_concrete":102,"minecraft:gray_concrete":177,"minecraft:end_stone":164,"minecraft:obsidian":59,"minecraft:redstone_torch":4,"minecraft:jungle_sapling":12,"minecraft:sticky_piston":17,"minecraft:gray_terracotta":256,"minecraft:cyan_terracotta":72,"minecraft:black_wool":151,"minecraft:coal_ore":5,"minecraft:iron_axe":1,"minecraft:grass_block":1,"minecraft:magenta_concrete":123,"minecraft:red_terracotta":52,"minecraft:stone_bricks":4,"minecraft:bedrock":184,"minecraft:light_gray_wool":4,"minecraft:redstone_lamp":1,"minecraft:cobblestone":36,"minecraft:bow":7,"minecraft:scaffolding":69,"minecraft:oak_sapling":1,"minecraft:magenta_glazed_terracotta":1,"minecraft:wither_rose":1,"minecraft:egg":46,"minecraft:white_concrete":131,"minecraft:gray_wool":90,"minecraft:bone_meal":180,"minecraft:cobweb":7},"minecraft:custom":{"minecraft:play_one_minute":136981,"minecraft:leave_game":3,"minecraft:time_since_death":2910,"minecraft:climb_one_cm":1239,"minecraft:time_since_rest":2915,"minecraft:sprint_one_cm":104241,"minecraft:damage_taken":917,"minecraft:walk_one_cm":41717,"minecraft:drop":12,"minecraft:damage_dealt":149,"minecraft:interact_with_beacon":7,"minecraft:fly_one_cm":1364047,"minecraft:open_chest":8,"minecraft:crouch_one_cm":5880,"minecraft:deaths":4,"minecraft:sneak_time":4632,"minecraft:jump":1176,"minecraft:walk_on_water_one_cm":1124,"minecraft:fall_one_cm":5478},"minecraft:picked_up":{"minecraft:cocoa_beans":832,"minecraft:water_bucket":16,"minecraft:jungle_fence":896,"minecraft:blue_bed":65,"minecraft:iron_axe":16,"minecraft:sticky_piston":832,"minecraft:iron_shovel":16,"minecraft:birch_fence":896,"minecraft:respawn_anchor":896,"minecraft:oak_boat":17,"minecraft:magenta_stained_glass":1,"minecraft:iron_pickaxe":16,"minecraft:egg":256,"minecraft:scaffolding":30,"minecraft:book":15,"minecraft:dark_oak_sapling":60,"minecraft:stick":1,"minecraft:spruce_fence":960,"minecraft:arrow":14,"minecraft:crossbow":16,"minecraft:glowstone":960,"minecraft:dark_oak_fence":896,"minecraft:sunflower":32,"minecraft:cobblestone":1920,"minecraft:ender_pearl":256},"minecraft:dropped":{"minecraft:pink_concrete":1,"minecraft:red_concrete":1,"minecraft:magenta_stained_glass":2,"minecraft:yellow_concrete":1,"minecraft:orange_concrete":1,"minecraft:magenta_concrete":1,"minecraft:cyan_terracotta":1,"minecraft:gray_concrete":1,"minecraft:gray_terracotta":1,"minecraft:white_concrete":1,"minecraft:magenta_glazed_terracotta":1}},"DataVersion":2567}