{"stats":{"minecraft:killed":{"minecraft:rabbit":66,"minecraft:bee":199,"minecraft:fox":1},"minecraft:used":{"minecraft:mossy_stone_bricks":44,"minecraft:blue_terracotta":2,"minecraft:end_rod":3,"minecraft:cow_spawn_egg":1,"minecraft:enchanting_table":80,"minecraft:pink_glazed_terracotta":1,"minecraft:light_blue_glazed_terracotta":247,"minecraft:sandstone_stairs":2,"minecraft:orange_concrete":99,"minecraft:flint_and_steel":8,"minecraft:melon":2,"minecraft:redstone_ore":6,"minecraft:red_concrete":153,"minecraft:powered_rail":14,"minecraft:dark_oak_sign":2,"minecraft:oak_planks":22,"minecraft:oak_sign":5,"minecraft:chest":6,"minecraft:spruce_planks":16,"minecraft:fox_spawn_egg":1,"minecraft:sandstone":598,"minecraft:iron_sword":2,"minecraft:cut_sandstone":87,"minecraft:creeper_head":3,"minecraft:warped_sign":6,"minecraft:beacon":1,"minecraft:red_glazed_terracotta":145,"minecraft:player_head":341,"minecraft:cracked_stone_bricks":25,"minecraft:green_terracotta":218,"minecraft:netherrack":14,"minecraft:white_wool":7,"minecraft:pink_concrete":20,"minecraft:mossy_cobblestone":31,"minecraft:rabbit_spawn_egg":12,"minecraft:rail":12,"minecraft:light_blue_concrete":98,"minecraft:cyan_glazed_terracotta":311,"minecraft:spruce_stairs":44,"minecraft:light_blue_wool":229,"minecraft:yellow_concrete":258,"minecraft:white_bed":1,"minecraft:sponge":67,"minecraft:pink_terracotta":42,"minecraft:note_block":2,"minecraft:end_stone":964,"minecraft:redstone_torch":1,"minecraft:obsidian":191,"minecraft:polished_diorite":8,"minecraft:nether_gold_ore":1,"minecraft:oak_log":2,"minecraft:sticky_piston":4,"minecraft:glass":414,"minecraft:ender_eye":1,"minecraft:blue_glazed_terracotta":76,"minecraft:flower_pot":3,"minecraft:cyan_terracotta":58,"minecraft:black_concrete":236,"minecraft:lava_bucket":3,"minecraft:firework_rocket":546,"minecraft:chiseled_sandstone":14,"minecraft:music_disc_pigstep":5,"minecraft:command_block":2,"minecraft:yellow_stained_glass":38,"minecraft:oak_stairs":2,"minecraft:stone_button":3,"minecraft:green_wool":59,"minecraft:diamond_ore":3,"minecraft:stone_bricks":114,"minecraft:crimson_nylium":25,"minecraft:yellow_wool":183,"minecraft:item_frame":20,"minecraft:crimson_sign":2,"minecraft:bedrock":1,"minecraft:light_blue_concrete_powder":2,"minecraft:cobblestone":33,"minecraft:lime_concrete":10,"minecraft:pufferfish_bucket":47,"minecraft:furnace":2,"minecraft:white_stained_glass":47,"minecraft:minecart":1,"minecraft:sandstone_slab":38,"minecraft:glass_pane":4,"minecraft:end_portal_frame":1,"minecraft:skeleton_skull":5,"minecraft:sea_pickle":99,"minecraft:end_stone_brick_stairs":5,"minecraft:white_concrete":275,"minecraft:turtle_egg":29,"minecraft:jukebox":1,"minecraft:splash_potion":521,"minecraft:cobweb":552},"minecraft:custom":{"minecraft:interact_with_furnace":3,"minecraft:mob_kills":268,"minecraft:play_record":5,"minecraft:tune_noteblock":27,"minecraft:play_one_minute":241168,"minecraft:pot_flower":3,"minecraft:leave_game":2,"minecraft:time_since_death":17634,"minecraft:time_since_rest":17637,"minecraft:sprint_one_cm":180474,"minecraft:damage_taken":1196,"minecraft:walk_one_cm":341316,"minecraft:drop":230,"minecraft:minecart_one_cm":678,"minecraft:damage_dealt":128,"minecraft:interact_with_beacon":8,"minecraft:play_noteblock":28,"minecraft:swim_one_cm":465,"minecraft:fly_one_cm":2391186,"minecraft:open_chest":15,"minecraft:crouch_one_cm":30667,"minecraft:deaths":5,"minecraft:sneak_time":15578,"minecraft:walk_under_water_one_cm":4031,"minecraft:aviate_one_cm":538,"minecraft:jump":1968,"minecraft:walk_on_water_one_cm":1085,"minecraft:fall_one_cm":6675},"minecraft:picked_up":{"minecraft:cocoa_beans":448,"minecraft:allium":2,"minecraft:water_bucket":10,"minecraft:jungle_fence":576,"minecraft:red_mushroom":1,"minecraft:potion":1,"minecraft:bedrock":1,"minecraft:gunpowder":52,"minecraft:blue_bed":39,"minecraft:large_fern":1,"minecraft:iron_axe":9,"minecraft:item_frame":3,"minecraft:sticky_piston":574,"minecraft:iron_shovel":9,"minecraft:pufferfish":43,"minecraft:birch_fence":576,"minecraft:respawn_anchor":576,"minecraft:rabbit_hide":3,"minecraft:iron_ingot":1,"minecraft:player_head":98,"minecraft:oak_boat":10,"minecraft:iron_pickaxe":8,"minecraft:rabbit":4,"minecraft:glass_bottle":71,"minecraft:glowstone_dust":63,"minecraft:oak_planks":52,"minecraft:furnace":1,"minecraft:egg":160,"minecraft:book":10,"minecraft:stick":34,"minecraft:dark_oak_sapling":40,"minecraft:end_stone":1,"minecraft:spruce_fence":512,"minecraft:stone_button":1,"minecraft:music_disc_pigstep":7,"minecraft:redstone":62,"minecraft:spider_eye":84,"minecraft:rabbit_foot":1,"minecraft:firework_rocket":65,"minecraft:arrow":10,"minecraft:sugar":32,"minecraft:tropical_fish":2,"minecraft:crossbow":10,"minecraft:bone_meal":3,"minecraft:glowstone":512,"minecraft:terracotta":3,"minecraft:dark_oak_fence":540,"minecraft:sunflower":20,"minecraft:cobblestone":1216,"minecraft:ender_pearl":128},"minecraft:dropped":{"minecraft:player_head":162,"minecraft:glass_bottle":71,"minecraft:oak_planks":54,"minecraft:glowstone_dust":63,"minecraft:end_stone":1,"minecraft:cracked_stone_bricks":3,"minecraft:music_disc_pigstep":9,"minecraft:stick":34,"minecraft:gunpowder":52,"minecraft:allium":1,"minecraft:mossy_stone_bricks":8,"minecraft:spider_eye":84,"minecraft:sugar":32,"minecraft:redstone":62}},"DataVersion":2567}