{"stats":{"minecraft:crafted":{"minecraft:spruce_planks":176},"minecraft:killed_by":{"minecraft:player":1,"minecraft:ender_dragon":1},"minecraft:mined":{"minecraft:spruce_log":3,"minecraft:stripped_spruce_log":1,"minecraft:end_stone":2,"minecraft:cobblestone":7},"minecraft:killed":{"minecraft:magma_cube":1,"minecraft:ghast":1,"minecraft:tropical_fish":2},"minecraft:used":{"minecraft:water_bucket":11,"minecraft:sea_lantern":6,"minecraft:birch_planks":227,"minecraft:iron_axe":17,"minecraft:iron_pickaxe":9,"minecraft:ender_pearl":41,"minecraft:spruce_planks":1,"minecraft:blue_bed":11,"minecraft:respawn_anchor":10,"minecraft:redstone_lamp":1,"minecraft:sand":266,"minecraft:cobblestone":257,"minecraft:spruce_fence":12,"minecraft:spruce_log":21,"minecraft:crossbow":8,"minecraft:bucket":3,"minecraft:birch_log":56,"minecraft:oak_boat":5,"minecraft:egg":31,"minecraft:milk_bucket":1,"minecraft:tropical_fish_bucket":5,"minecraft:obsidian":20,"minecraft:birch_stairs":62,"minecraft:end_stone":3,"minecraft:splash_potion":1,"minecraft:birch_fence":11},"minecraft:custom":{"minecraft:time_since_rest":370,"minecraft:sprint_one_cm":126489,"minecraft:damage_taken":4163,"minecraft:walk_one_cm":90854,"minecraft:mob_kills":4,"minecraft:drop":2,"minecraft:damage_dealt":1238,"minecraft:fly_one_cm":433773,"minecraft:player_kills":4,"minecraft:open_chest":7,"minecraft:crouch_one_cm":11266,"minecraft:play_one_minute":50320,"minecraft:deaths":8,"minecraft:sneak_time":5196,"minecraft:walk_under_water_one_cm":162,"minecraft:boat_one_cm":1019,"minecraft:jump":1079,"minecraft:leave_game":4,"minecraft:walk_on_water_one_cm":812,"minecraft:time_since_death":364,"minecraft:climb_one_cm":508,"minecraft:damage_resisted":912,"minecraft:fall_one_cm":35098},"minecraft:picked_up":{"minecraft:book":60,"minecraft:dark_oak_sapling":228,"minecraft:cocoa_beans":4346,"minecraft:end_stone":2,"minecraft:water_bucket":64,"minecraft:torch":1,"minecraft:jungle_fence":4416,"minecraft:spruce_fence":4279,"minecraft:spruce_log":1,"minecraft:gunpowder":1,"minecraft:blue_bed":339,"minecraft:iron_axe":65,"minecraft:birch_fence":4416,"minecraft:sticky_piston":4288,"minecraft:iron_shovel":65,"minecraft:arrow":60,"minecraft:blackstone":1,"minecraft:tropical_fish":4,"minecraft:respawn_anchor":4416,"minecraft:crossbow":64,"minecraft:oak_boat":66,"minecraft:glowstone":4288,"minecraft:iron_pickaxe":64,"minecraft:dark_oak_fence":4480,"minecraft:ender_pearl":1024,"minecraft:sunflower":114,"minecraft:cobblestone":8455,"minecraft:egg":624},"minecraft:dropped":{"minecraft:gunpowder":1,"minecraft:egg":16}},"DataVersion":2567}