{"stats":{"minecraft:used":{"minecraft:water_bucket":2,"minecraft:glowstone":17,"minecraft:scaffolding":38,"minecraft:oak_sign":1,"minecraft:gold_block":233,"minecraft:gray_concrete":1,"minecraft:end_stone":33,"minecraft:beacon":1},"minecraft:picked_up":{"minecraft:scaffolding":10,"minecraft:gold_block":1},"minecraft:custom":{"minecraft:time_since_rest":63482,"minecraft:play_one_minute":63482,"minecraft:crouch_one_cm":12,"minecraft:sprint_one_cm":28053,"minecraft:walk_one_cm":28730,"minecraft:sneak_time":414,"minecraft:walk_under_water_one_cm":2578,"minecraft:drop":5,"minecraft:jump":190,"minecraft:leave_game":1,"minecraft:time_since_death":63482,"minecraft:walk_on_water_one_cm":216,"minecraft:interact_with_beacon":2,"minecraft:climb_one_cm":2517,"minecraft:swim_one_cm":551,"minecraft:fly_one_cm":88633},"minecraft:dropped":{"minecraft:gold_block":2,"minecraft:water_bucket":1,"minecraft:beacon":1,"minecraft:glowstone":1}},"DataVersion":2567}