{"stats":{"minecraft:killed_by":{"minecraft:player":3},"minecraft:used":{"minecraft:redstone_torch":2,"minecraft:jungle_sapling":4,"minecraft:water_bucket":63,"minecraft:jungle_leaves":202,"minecraft:stripped_dark_oak_wood":25,"minecraft:iron_shovel":3,"minecraft:dark_oak_log":11,"minecraft:command_block":2,"minecraft:birch_planks":65,"minecraft:iron_axe":4,"minecraft:grass_block":4,"minecraft:redstone":16,"minecraft:string":33,"minecraft:ladder":5,"minecraft:jungle_log":131,"minecraft:ender_pearl":6,"minecraft:spruce_sign":3,"minecraft:pink_concrete":68,"minecraft:jungle_wood":36,"minecraft:glowstone":16,"minecraft:repeater":4,"minecraft:soul_sand":1,"minecraft:lime_concrete":141,"minecraft:stripped_dark_oak_log":31,"minecraft:vine":33,"minecraft:jungle_planks":29,"minecraft:dark_oak_fence":42,"minecraft:cobblestone_wall":16,"minecraft:jungle_door":1,"minecraft:jungle_slab":86,"minecraft:end_stone":13,"minecraft:observer":4,"minecraft:bone_meal":3},"minecraft:custom":{"minecraft:time_since_rest":2855,"minecraft:sprint_one_cm":60176,"minecraft:damage_taken":1067,"minecraft:walk_one_cm":34457,"minecraft:damage_dealt":377,"minecraft:swim_one_cm":319,"minecraft:player_kills":1,"minecraft:fly_one_cm":868171,"minecraft:open_chest":10,"minecraft:crouch_one_cm":4603,"minecraft:play_one_minute":48734,"minecraft:deaths":7,"minecraft:sneak_time":3853,"minecraft:walk_under_water_one_cm":12174,"minecraft:jump":203,"minecraft:leave_game":2,"minecraft:time_since_death":2850,"minecraft:walk_on_water_one_cm":748,"minecraft:climb_one_cm":2427,"minecraft:fall_one_cm":4152},"minecraft:picked_up":{"minecraft:book":17,"minecraft:dark_oak_sapling":24,"minecraft:cocoa_beans":960,"minecraft:water_bucket":16,"minecraft:jungle_fence":896,"minecraft:spruce_fence":896,"minecraft:blue_bed":71,"minecraft:iron_axe":16,"minecraft:sticky_piston":960,"minecraft:arrow":17,"minecraft:iron_shovel":16,"minecraft:birch_fence":896,"minecraft:respawn_anchor":896,"minecraft:crossbow":16,"minecraft:glowstone":896,"minecraft:oak_boat":16,"minecraft:redstone_torch":2,"minecraft:iron_pickaxe":16,"minecraft:enchanted_golden_apple":1,"minecraft:dark_oak_fence":896,"minecraft:sunflower":16,"minecraft:egg":256,"minecraft:cobblestone":1920,"minecraft:ender_pearl":256}},"DataVersion":2567}