{"stats":{"minecraft:killed":{"minecraft:zoglin":1,"minecraft:ghast":3},"minecraft:used":{"minecraft:oak_fence":1,"minecraft:chiseled_polished_blackstone":2,"minecraft:water_bucket":27,"minecraft:netherite_sword":12,"minecraft:blue_terracotta":15,"minecraft:iron_bars":8,"minecraft:iron_ore":1,"minecraft:acacia_log":4,"minecraft:orange_concrete":6,"minecraft:red_concrete":177,"minecraft:prismarine":28,"minecraft:powered_rail":15,"minecraft:blackstone_stairs":12,"minecraft:oak_planks":27,"minecraft:blackstone":42,"minecraft:polished_basalt":7,"minecraft:ender_pearl":3,"minecraft:chest":1,"minecraft:stone":25,"minecraft:redstone_block":9,"minecraft:player_head":16,"minecraft:structure_block":3,"minecraft:netherrack":21,"minecraft:polished_blackstone_bricks":1488,"minecraft:debug_stick":94,"minecraft:pink_concrete":66,"minecraft:rail":54,"minecraft:light_blue_concrete":64,"minecraft:light_blue_wool":49,"minecraft:nether_bricks":57,"minecraft:birch_sign":4,"minecraft:lingering_potion":53,"minecraft:gray_concrete":49,"minecraft:end_stone":104,"minecraft:blue_concrete":35,"minecraft:obsidian":4,"minecraft:oak_log":33,"minecraft:glass":24,"minecraft:gray_terracotta":57,"minecraft:black_concrete":63,"minecraft:hoglin_spawn_egg":1,"minecraft:cyan_terracotta":16,"minecraft:black_wool":11,"minecraft:lava_bucket":1,"minecraft:firework_rocket":763,"minecraft:coal_ore":1,"minecraft:command_block":1,"minecraft:light_gray_concrete":7,"minecraft:quartz_slab":8,"minecraft:cracked_polished_blackstone_bricks":104,"minecraft:oak_stairs":64,"minecraft:barrier":58,"minecraft:magenta_concrete":12,"minecraft:polished_blackstone_brick_stairs":31,"minecraft:oak_pressure_plate":1,"minecraft:smooth_quartz":1,"minecraft:pink_stained_glass_pane":10,"minecraft:bedrock":35,"minecraft:basalt":52,"minecraft:cobblestone":23,"minecraft:purple_concrete":66,"minecraft:redstone_lamp":2,"minecraft:lime_concrete":7,"minecraft:glass_pane":1,"minecraft:smooth_stone_slab":18,"minecraft:stripped_oak_wood":79,"minecraft:pink_stained_glass":33,"minecraft:minecart":11,"minecraft:andesite":1,"minecraft:birch_log":4,"minecraft:chain":20,"minecraft:gold_block":7,"minecraft:end_portal_frame":14,"minecraft:polished_blackstone_button":1,"minecraft:egg":16,"minecraft:white_concrete":63,"minecraft:gray_wool":38,"minecraft:observer":2,"minecraft:splash_potion":24,"minecraft:polished_blackstone_stairs":1},"minecraft:custom":{"minecraft:mob_kills":4,"minecraft:play_one_minute":135069,"minecraft:leave_game":1,"minecraft:time_since_death":135033,"minecraft:climb_one_cm":2373,"minecraft:time_since_rest":135069,"minecraft:sprint_one_cm":96867,"minecraft:walk_one_cm":122973,"minecraft:drop":22,"minecraft:minecart_one_cm":15791,"minecraft:damage_dealt":808,"minecraft:interact_with_beacon":4,"minecraft:swim_one_cm":1239,"minecraft:fly_one_cm":1734300,"minecraft:open_chest":15,"minecraft:crouch_one_cm":12095,"minecraft:sneak_time":7843,"minecraft:walk_under_water_one_cm":4590,"minecraft:aviate_one_cm":181432,"minecraft:jump":747,"minecraft:walk_on_water_one_cm":4211,"minecraft:inspect_dispenser":3},"minecraft:picked_up":{"minecraft:cocoa_beans":64,"minecraft:water_bucket":1,"minecraft:jungle_fence":64,"minecraft:gunpowder":7,"minecraft:blue_bed":2,"minecraft:iron_axe":1,"minecraft:iron_shovel":1,"minecraft:pufferfish":1,"minecraft:birch_fence":64,"minecraft:respawn_anchor":64,"minecraft:oak_boat":1,"minecraft:player_head":1,"minecraft:iron_pickaxe":1,"minecraft:powered_rail":5,"minecraft:egg":16,"minecraft:ghast_tear":1,"minecraft:dark_oak_sapling":4,"minecraft:spruce_fence":64,"minecraft:firework_rocket":64,"minecraft:arrow":1,"minecraft:tropical_fish":20,"minecraft:bone_meal":3,"minecraft:crossbow":1,"minecraft:glowstone":64,"minecraft:dark_oak_fence":64,"minecraft:rail":2,"minecraft:cobblestone":128,"minecraft:sunflower":2},"minecraft:dropped":{"minecraft:water_bucket":1,"minecraft:chiseled_polished_blackstone":1,"minecraft:cocoa_beans":64,"minecraft:crossbow":1,"minecraft:cobblestone":64,"minecraft:structure_block":2,"minecraft:bedrock":1,"minecraft:acacia_log":1,"minecraft:gold_block":1,"minecraft:polished_blackstone_brick_stairs":1,"minecraft:coal_ore":1,"minecraft:glowstone":64,"minecraft:birch_sign":1,"minecraft:iron_axe":1,"minecraft:polished_blackstone_bricks":1,"minecraft:powered_rail":6,"minecraft:polished_basalt":1,"minecraft:iron_pickaxe":1,"minecraft:iron_shovel":1,"minecraft:birch_log":1,"minecraft:splash_potion":1}},"DataVersion":2567}