{"stats":{"minecraft:used":{"minecraft:emerald_ore":6,"minecraft:chiseled_polished_blackstone":5,"minecraft:light_blue_banner":15,"minecraft:water_bucket":3,"minecraft:diorite":7,"minecraft:end_rod":2,"minecraft:iron_ore":5,"minecraft:sandstone_stairs":27,"minecraft:orange_concrete":43,"minecraft:birch_planks":38,"minecraft:red_concrete":27,"minecraft:red_stained_glass":53,"minecraft:prismarine":20,"minecraft:blackstone":393,"minecraft:polished_basalt":86,"minecraft:chest":6,"minecraft:stone":316,"minecraft:beacon":3,"minecraft:gold_ore":11,"minecraft:player_head":13,"minecraft:smooth_sandstone_stairs":63,"minecraft:pink_concrete":49,"minecraft:conduit":2,"minecraft:polished_blackstone_bricks":2143,"minecraft:debug_stick":24,"minecraft:orange_stained_glass":48,"minecraft:dirt":127,"minecraft:red_nether_brick_slab":1,"minecraft:vine":59,"minecraft:light_blue_concrete":63,"minecraft:loom":1,"minecraft:blue_stained_glass":70,"minecraft:light_blue_wool":11,"minecraft:birch_sign":1,"minecraft:yellow_concrete":106,"minecraft:white_bed":3,"minecraft:gray_concrete":1,"minecraft:granite":7,"minecraft:end_stone":7,"minecraft:light_blue_stained_glass":69,"minecraft:obsidian":74,"minecraft:birch_door":7,"minecraft:purple_stained_glass":63,"minecraft:lava_bucket":38,"minecraft:firework_rocket":251,"minecraft:coal_ore":19,"minecraft:yellow_stained_glass":53,"minecraft:quartz_slab":38,"minecraft:cracked_polished_blackstone_bricks":150,"minecraft:grass_block":159,"minecraft:lapis_ore":6,"minecraft:polished_blackstone_brick_stairs":32,"minecraft:diamond_ore":5,"minecraft:pink_wool":10,"minecraft:item_frame":1,"minecraft:basalt":460,"minecraft:purple_concrete":2,"minecraft:glowstone":69,"minecraft:lime_concrete":1,"minecraft:hay_block":4,"minecraft:cyan_stained_glass_pane":6,"minecraft:lime_stained_glass":92,"minecraft:white_banner":2,"minecraft:stripped_oak_wood":30,"minecraft:white_stained_glass":536,"minecraft:birch_log":16,"minecraft:andesite":9,"minecraft:pink_stained_glass":1,"minecraft:gold_block":184,"minecraft:white_concrete":309,"minecraft:tropical_fish_bucket":119,"minecraft:bone_meal":20,"minecraft:splash_potion":65},"minecraft:custom":{"minecraft:interact_with_loom":6,"minecraft:play_one_minute":124937,"minecraft:leave_game":1,"minecraft:time_since_death":124786,"minecraft:time_since_rest":124937,"minecraft:sprint_one_cm":35034,"minecraft:damage_taken":190,"minecraft:walk_one_cm":46287,"minecraft:drop":3,"minecraft:interact_with_beacon":1,"minecraft:fly_one_cm":1846812,"minecraft:open_chest":3,"minecraft:crouch_one_cm":8699,"minecraft:sneak_time":7548,"minecraft:walk_under_water_one_cm":2199,"minecraft:jump":200,"minecraft:walk_on_water_one_cm":2086,"minecraft:fall_one_cm":2391},"minecraft:picked_up":{"minecraft:cocoa_beans":832,"minecraft:splash_potion":1,"minecraft:water_bucket":12,"minecraft:jungle_fence":896,"minecraft:blue_bed":65,"minecraft:iron_axe":12,"minecraft:sticky_piston":768,"minecraft:netherite_ingot":1,"minecraft:iron_shovel":12,"minecraft:birch_fence":832,"minecraft:respawn_anchor":832,"minecraft:oak_boat":12,"minecraft:player_head":1,"minecraft:iron_pickaxe":12,"minecraft:egg":192,"minecraft:book":5,"minecraft:dark_oak_sapling":20,"minecraft:spruce_fence":896,"minecraft:spectral_arrow":8,"minecraft:firework_rocket":640,"minecraft:arrow":5,"minecraft:tropical_fish":12,"minecraft:crossbow":12,"minecraft:glowstone":896,"minecraft:dark_oak_fence":832,"minecraft:cobblestone":1664,"minecraft:sunflower":10,"minecraft:ender_pearl":32},"minecraft:dropped":{"minecraft:player_head":2,"minecraft:white_bed":1}},"DataVersion":2567}