{"stats":{"minecraft:mined":{"minecraft:end_stone":4},"minecraft:used":{"minecraft:iron_pickaxe":4,"minecraft:ender_pearl":7,"minecraft:blue_bed":4,"minecraft:gold_ore":5,"minecraft:conduit":22,"minecraft:glowstone":5,"minecraft:cobblestone":27,"minecraft:scaffolding":116,"minecraft:gold_block":285,"minecraft:crossbow":6,"minecraft:cooked_beef":3,"minecraft:end_stone":4},"minecraft:custom":{"minecraft:time_since_rest":25241,"minecraft:sprint_one_cm":45819,"minecraft:damage_taken":757,"minecraft:walk_one_cm":39701,"minecraft:drop":13,"minecraft:fly_one_cm":384430,"minecraft:target_hit":2,"minecraft:open_chest":7,"minecraft:play_one_minute":29131,"minecraft:crouch_one_cm":9044,"minecraft:deaths":1,"minecraft:sneak_time":2989,"minecraft:jump":233,"minecraft:leave_game":2,"minecraft:walk_on_water_one_cm":64,"minecraft:time_since_death":25236,"minecraft:climb_one_cm":1019,"minecraft:damage_resisted":138,"minecraft:fall_one_cm":7183},"minecraft:picked_up":{"minecraft:book":2,"minecraft:scaffolding":25,"minecraft:dark_oak_sapling":8,"minecraft:cocoa_beans":128,"minecraft:end_stone":4,"minecraft:water_bucket":2,"minecraft:jungle_fence":128,"minecraft:filled_map":9,"minecraft:spruce_fence":128,"minecraft:blue_bed":10,"minecraft:iron_axe":2,"minecraft:sticky_piston":128,"minecraft:item_frame":9,"minecraft:birch_fence":128,"minecraft:iron_shovel":2,"minecraft:arrow":2,"minecraft:respawn_anchor":128,"minecraft:crossbow":2,"minecraft:glowstone":128,"minecraft:oak_boat":2,"minecraft:iron_pickaxe":2,"minecraft:dark_oak_fence":128,"minecraft:ender_pearl":32,"minecraft:cobblestone":256,"minecraft:sunflower":4,"minecraft:egg":32},"minecraft:dropped":{"minecraft:filled_map":9,"minecraft:player_head":1,"minecraft:cooked_beef":64,"minecraft:item_frame":9}},"DataVersion":2567}