{"stats":{"minecraft:killed_by":{"minecraft:ender_dragon":27},"minecraft:mined":{"minecraft:white_bed":1,"minecraft:glowstone":2,"minecraft:fire":93,"minecraft:magenta_stained_glass":1,"minecraft:cobblestone":39,"minecraft:blue_bed":10,"minecraft:wall_torch":1},"minecraft:killed":{"minecraft:bee":226,"minecraft:chicken":1,"minecraft:tropical_fish":37},"minecraft:used":{"minecraft:oak_fence":17,"minecraft:blue_terracotta":1,"minecraft:iron_bars":37,"minecraft:enchanting_table":1,"minecraft:crimson_fence":54,"minecraft:orange_concrete":109,"minecraft:polished_blackstone":4,"minecraft:red_concrete":334,"minecraft:dispenser":8,"minecraft:spruce_slab":1,"minecraft:redstone":123,"minecraft:ladder":8,"minecraft:spruce_planks":87,"minecraft:chest":29,"minecraft:stone":154,"minecraft:brown_concrete":1,"minecraft:player_head":53,"minecraft:structure_block":6,"minecraft:netherrack":147,"minecraft:soul_campfire":5,"minecraft:debug_stick":106,"minecraft:oak_door":18,"minecraft:orange_stained_glass":81,"minecraft:torch":8,"minecraft:dirt":10,"minecraft:soul_sand":14,"minecraft:anvil":3,"minecraft:target":1,"minecraft:blue_stained_glass":2,"minecraft:nether_quartz_ore":2,"minecraft:spruce_stairs":85,"minecraft:cobblestone_wall":1,"minecraft:stone_stairs":4,"minecraft:cod_bucket":3,"minecraft:salmon_bucket":3,"minecraft:spruce_fence":1,"minecraft:blue_concrete":411,"minecraft:light_blue_stained_glass":4,"minecraft:obsidian":185,"minecraft:mossy_cobblestone_stairs":4,"minecraft:birch_door":17,"minecraft:jungle_sapling":6,"minecraft:dark_oak_planks":1,"minecraft:stone_brick_slab":30,"minecraft:honey_block":23,"minecraft:sea_lantern":12,"minecraft:lava_bucket":94,"minecraft:bookshelf":15,"minecraft:music_disc_pigstep":2,"minecraft:yellow_stained_glass":52,"minecraft:red_wool":20,"minecraft:grass_block":4,"minecraft:iron_block":225,"minecraft:oak_stairs":14,"minecraft:slime_block":106,"minecraft:spawner":2,"minecraft:chicken_spawn_egg":1,"minecraft:polished_blackstone_brick_stairs":15,"minecraft:stone_brick_stairs":14,"minecraft:stone_bricks":475,"minecraft:item_frame":32,"minecraft:repeater":24,"minecraft:bedrock":31,"minecraft:honeycomb_block":29,"minecraft:purple_concrete":766,"minecraft:glowstone":55,"minecraft:redstone_lamp":47,"minecraft:lime_concrete":40,"minecraft:bow":17,"minecraft:magenta_wool":20,"minecraft:hay_block":1,"minecraft:emerald_block":177,"minecraft:oak_sapling":1,"minecraft:lime_stained_glass":7,"minecraft:furnace":2,"minecraft:minecart":6,"minecraft:gold_block":56,"minecraft:egg":4611,"minecraft:stone_pressure_plate":1,"minecraft:orange_terracotta":57,"minecraft:observer":87,"minecraft:turtle_egg":10,"minecraft:seagrass":11,"minecraft:dark_oak_sapling":4,"minecraft:emerald_ore":8,"minecraft:water_bucket":501,"minecraft:mossy_stone_bricks":1,"minecraft:diorite":6,"minecraft:end_rod":9,"minecraft:jigsaw":4,"minecraft:cobblestone_stairs":7,"minecraft:spruce_door":2,"minecraft:sandstone_stairs":2,"minecraft:birch_planks":5,"minecraft:lead":2,"minecraft:red_stained_glass":62,"minecraft:powered_rail":50,"minecraft:dark_oak_sign":10,"minecraft:prismarine":8,"minecraft:lime_wool":10,"minecraft:oak_planks":97,"minecraft:blue_wool":10,"minecraft:blackstone":5,"minecraft:ender_pearl":8432,"minecraft:sandstone":525,"minecraft:cut_sandstone":78,"minecraft:red_mushroom_block":27,"minecraft:redstone_block":76,"minecraft:magenta_stained_glass":112,"minecraft:blue_bed":2377,"minecraft:beacon":1,"minecraft:sheep_spawn_egg":1,"minecraft:cobblestone_slab":93,"minecraft:horse_spawn_egg":2,"minecraft:polished_blackstone_bricks":49,"minecraft:gilded_blackstone":11,"minecraft:pink_concrete":55,"minecraft:respawn_anchor":2253,"minecraft:polished_blackstone_pressure_plate":21,"minecraft:mossy_cobblestone":133,"minecraft:diamond_block":169,"minecraft:rail":57,"minecraft:infested_chiseled_stone_bricks":2,"minecraft:light_blue_concrete":30,"minecraft:oak_slab":11,"minecraft:red_bed":2,"minecraft:birch_sign":11,"minecraft:yellow_concrete":82,"minecraft:crossbow":84,"minecraft:white_bed":330,"minecraft:note_block":10,"minecraft:end_stone":1301,"minecraft:black_bed":2,"minecraft:infested_stone_bricks":39,"minecraft:spruce_log":6,"minecraft:cake":62,"minecraft:crimson_fence_gate":1,"minecraft:purple_stained_glass":1,"minecraft:redstone_torch":24,"minecraft:oak_log":27,"minecraft:sticky_piston":49,"minecraft:netherite_block":86,"minecraft:dark_prismarine":104,"minecraft:lever":2,"minecraft:hoglin_spawn_egg":8,"minecraft:black_concrete":261,"minecraft:activator_rail":3,"minecraft:firework_rocket":86,"minecraft:chiseled_sandstone":17,"minecraft:crying_obsidian":288,"minecraft:iron_pickaxe":39,"minecraft:dark_oak_log":4,"minecraft:command_block":5,"minecraft:heavy_weighted_pressure_plate":1,"minecraft:light_gray_concrete":268,"minecraft:cracked_polished_blackstone_bricks":6,"minecraft:stone_button":3,"minecraft:brown_wool":1,"minecraft:map":21,"minecraft:barrier":26,"minecraft:pig_spawn_egg":1,"minecraft:magenta_concrete":480,"minecraft:iron_door":63,"minecraft:yellow_wool":10,"minecraft:crimson_sign":3,"minecraft:cobblestone":37062,"minecraft:end_crystal":4,"minecraft:magenta_glazed_terracotta":59,"minecraft:piglin_spawn_egg":1,"minecraft:grindstone":1,"minecraft:bucket":336,"minecraft:dark_oak_fence":2,"minecraft:white_stained_glass":7,"minecraft:chain":14,"minecraft:glass_pane":4,"minecraft:sea_pickle":3,"minecraft:smooth_stone_slab":47,"minecraft:end_portal_frame":26,"minecraft:oak_boat":35,"minecraft:polished_blackstone_button":3,"minecraft:white_concrete":321,"minecraft:tropical_fish_bucket":9,"minecraft:kelp":11,"minecraft:splash_potion":74,"minecraft:purple_wool":9,"minecraft:bone_meal":26,"minecraft:soul_torch":4,"minecraft:experience_bottle":2},"minecraft:custom":{"minecraft:mob_kills":278,"minecraft:interact_with_anvil":3,"minecraft:eat_cake_slice":17,"minecraft:leave_game":100,"minecraft:time_since_death":206635,"minecraft:climb_one_cm":3241,"minecraft:damage_resisted":36482,"minecraft:sprint_one_cm":3007099,"minecraft:walk_one_cm":1550634,"minecraft:drop":148,"minecraft:target_hit":12,"minecraft:deaths":151,"minecraft:sneak_time":113220,"minecraft:walk_under_water_one_cm":16715,"minecraft:boat_one_cm":28533,"minecraft:jump":37509,"minecraft:walk_on_water_one_cm":29793,"minecraft:play_record":2,"minecraft:tune_noteblock":164,"minecraft:play_one_minute":1504561,"minecraft:time_since_rest":206637,"minecraft:damage_taken":438133,"minecraft:minecart_one_cm":28095,"minecraft:damage_dealt":470,"minecraft:interact_with_beacon":16,"minecraft:swim_one_cm":2626,"minecraft:fly_one_cm":9905836,"minecraft:player_kills":1,"minecraft:open_chest":126,"minecraft:crouch_one_cm":219766,"minecraft:aviate_one_cm":57525,"minecraft:fall_one_cm":2246749,"minecraft:inspect_dispenser":10},"minecraft:picked_up":{"minecraft:cocoa_beans":179710,"minecraft:azure_bluet":1,"minecraft:redstone_block":1,"minecraft:chicken":1,"minecraft:golden_pickaxe":1851,"minecraft:lead":1,"minecraft:oak_stairs":1,"minecraft:turtle_egg":1,"minecraft:cornflower":3350,"minecraft:iron_axe":2818,"minecraft:item_frame":9,"minecraft:sticky_piston":179712,"minecraft:iron_shovel":2817,"minecraft:birch_fence":179712,"minecraft:experience_bottle":3,"minecraft:oak_sign":1,"minecraft:cracked_stone_bricks":3,"minecraft:respawn_anchor":298561,"minecraft:redstone_torch":2,"minecraft:oak_boat":3829,"minecraft:ender_eye":1629,"minecraft:player_head":64,"minecraft:enchanted_golden_apple":64,"minecraft:poppy":1,"minecraft:iron_pickaxe":4668,"minecraft:minecart":6,"minecraft:crimson_sign":1,"minecraft:egg":63545,"minecraft:dark_oak_sapling":11392,"minecraft:stick":322,"minecraft:sandstone":1,"minecraft:end_stone":43,"minecraft:torch":3,"minecraft:spruce_fence":179776,"minecraft:stone_button":5,"minecraft:music_disc_pigstep":9,"minecraft:redstone":197,"minecraft:end_crystal":192,"minecraft:arrow":119624,"minecraft:tropical_fish":72,"minecraft:glowstone":298625,"minecraft:iron_bars":12,"minecraft:rail":5,"minecraft:cobblestone":478881,"minecraft:feather":2,"minecraft:water_bucket":4670,"minecraft:leather":3,"minecraft:jungle_fence":179712,"minecraft:beacon":1,"minecraft:filled_map":9,"minecraft:gunpowder":528,"minecraft:blue_bed":20642,"minecraft:twisting_vines":48384,"minecraft:stone_bricks":1,"minecraft:kelp":1,"minecraft:mossy_stone_bricks":3,"minecraft:glass_bottle":192,"minecraft:glowstone_dust":269,"minecraft:powered_rail":1,"minecraft:oak_planks":3,"minecraft:book":2834,"minecraft:scaffolding":24,"minecraft:sand":37,"minecraft:grass_path":6,"minecraft:white_bed":9896,"minecraft:crying_obsidian":118464,"minecraft:spider_eye":256,"minecraft:firework_rocket":1664,"minecraft:sugar":256,"minecraft:polished_blackstone_pressure_plate":1,"minecraft:polished_blackstone_button":2,"minecraft:crossbow":3039,"minecraft:birch_sign":1,"minecraft:bone_meal":48387,"minecraft:bread":48384,"minecraft:ender_pearl":74563,"minecraft:sunflower":5692,"minecraft:dark_oak_fence":179648},"minecraft:dropped":{"minecraft:water_bucket":4,"minecraft:bread":192,"minecraft:respawn_anchor":137,"minecraft:golden_pickaxe":2,"minecraft:ender_pearl":28,"minecraft:crossbow":3,"minecraft:cobblestone":78,"minecraft:turtle_egg":1,"minecraft:birch_fence":1,"minecraft:mojang_banner_pattern":1,"minecraft:oak_stairs":1,"minecraft:bone_meal":192,"minecraft:iron_axe":1,"minecraft:iron_pickaxe":2,"minecraft:bucket":1,"minecraft:blue_bed":2,"minecraft:redstone_block":1,"minecraft:red_concrete":1,"minecraft:player_head":2,"minecraft:twisting_vines":128,"minecraft:white_bed":30,"minecraft:glowstone":192,"minecraft:oak_boat":2,"minecraft:stone_bricks":1,"minecraft:sandstone":1,"minecraft:arrow":192,"minecraft:crying_obsidian":128,"minecraft:egg":64,"minecraft:firework_rocket":1}},"DataVersion":2567}