{"stats":{"minecraft:killed":{"minecraft:zoglin":1},"minecraft:used":{"minecraft:jigsaw":1,"minecraft:acacia_log":29,"minecraft:orange_concrete":24,"minecraft:birch_planks":12,"minecraft:redstone_ore":14,"minecraft:red_concrete":22,"minecraft:red_stained_glass":18,"minecraft:redstone":1,"minecraft:ender_pearl":3,"minecraft:spruce_planks":4,"minecraft:brown_concrete":48,"minecraft:black_glazed_terracotta":136,"minecraft:purpur_pillar":1,"minecraft:player_head":5,"minecraft:structure_block":2,"minecraft:netherrack":48,"minecraft:orange_stained_glass":17,"minecraft:pink_concrete":10,"minecraft:respawn_anchor":2,"minecraft:dirt":32,"minecraft:soul_sand":66,"minecraft:terracotta":10,"minecraft:crafting_table":2,"minecraft:blue_stained_glass":17,"minecraft:nether_quartz_ore":108,"minecraft:pink_terracotta":10,"minecraft:jungle_planks":4,"minecraft:birch_sign":18,"minecraft:nether_bricks":355,"minecraft:brown_glazed_terracotta":2,"minecraft:light_gray_terracotta":46,"minecraft:yellow_concrete":14,"minecraft:purple_terracotta":32,"minecraft:white_bed":1,"minecraft:note_block":55,"minecraft:gray_concrete":18,"minecraft:granite":11,"minecraft:end_stone":104,"minecraft:blue_concrete":12,"minecraft:obsidian":128,"minecraft:purple_stained_glass":19,"minecraft:black_terracotta":39,"minecraft:gray_terracotta":190,"minecraft:brown_terracotta":71,"minecraft:black_wool":165,"minecraft:firework_rocket":395,"minecraft:bricks":119,"minecraft:command_block":3,"minecraft:yellow_stained_glass":16,"minecraft:cracked_polished_blackstone_bricks":1,"minecraft:iron_axe":4,"minecraft:brown_wool":6,"minecraft:polished_granite":201,"minecraft:bedrock":27,"minecraft:glowstone":27,"minecraft:purple_concrete":14,"minecraft:coal_block":38,"minecraft:lime_concrete":15,"minecraft:cobblestone":42,"minecraft:lime_stained_glass":10,"minecraft:white_stained_glass":141,"minecraft:birch_log":85,"minecraft:minecart":1,"minecraft:gold_block":3,"minecraft:gray_wool":18,"minecraft:brown_mushroom_block":5,"minecraft:green_stained_glass":18},"minecraft:custom":{"minecraft:mob_kills":1,"minecraft:tune_noteblock":3,"minecraft:play_one_minute":129022,"minecraft:leave_game":2,"minecraft:time_since_death":96835,"minecraft:climb_one_cm":262,"minecraft:time_since_rest":96840,"minecraft:sprint_one_cm":19791,"minecraft:damage_taken":170,"minecraft:walk_one_cm":25086,"minecraft:drop":1,"minecraft:minecart_one_cm":6360,"minecraft:damage_dealt":404,"minecraft:fly_one_cm":1964027,"minecraft:open_chest":11,"minecraft:crouch_one_cm":4016,"minecraft:deaths":2,"minecraft:sneak_time":14011,"minecraft:aviate_one_cm":6274,"minecraft:jump":195,"minecraft:walk_on_water_one_cm":55,"minecraft:fall_one_cm":1126},"minecraft:picked_up":{"minecraft:cocoa_beans":320,"minecraft:water_bucket":3,"minecraft:jungle_fence":191,"minecraft:enchanted_book":1,"minecraft:chain":8,"minecraft:string":11,"minecraft:blue_bed":13,"minecraft:iron_axe":4,"minecraft:sticky_piston":234,"minecraft:iron_shovel":3,"minecraft:birch_fence":178,"minecraft:gold_nugget":8,"minecraft:respawn_anchor":186,"minecraft:iron_ingot":4,"minecraft:oak_boat":2,"minecraft:player_head":1,"minecraft:iron_nugget":9,"minecraft:iron_pickaxe":4,"minecraft:egg":48,"minecraft:book":5,"minecraft:golden_helmet":1,"minecraft:dark_oak_sapling":12,"minecraft:spruce_fence":192,"minecraft:crying_obsidian":5,"minecraft:firework_rocket":64,"minecraft:arrow":42,"minecraft:rotten_flesh":1,"minecraft:tropical_fish":5,"minecraft:crossbow":5,"minecraft:glowstone":192,"minecraft:end_rod":1,"minecraft:obsidian":2,"minecraft:dark_oak_fence":179,"minecraft:cobblestone":387,"minecraft:ender_pearl":32,"minecraft:sunflower":6},"minecraft:dropped":{"minecraft:player_head":64}},"DataVersion":2567}