{"stats":{"minecraft:killed_by":{"minecraft:player":1},"minecraft:used":{"minecraft:oak_fence":2,"minecraft:flower_pot":70,"minecraft:firework_rocket":68,"minecraft:chiseled_sandstone":1,"minecraft:sandstone_stairs":4,"minecraft:oak_stairs":3,"minecraft:oak_planks":56,"minecraft:spruce_planks":67,"minecraft:sandstone":410,"minecraft:cut_sandstone":9,"minecraft:sandstone_wall":1,"minecraft:bedrock":1,"minecraft:spruce_stairs":148,"minecraft:sandstone_slab":3,"minecraft:end_stone":158,"minecraft:obsidian":8},"minecraft:picked_up":{"minecraft:mojang_banner_pattern":2,"minecraft:end_stone":1,"minecraft:sandstone_slab":1,"minecraft:cut_sandstone":1,"minecraft:grass_path":3,"minecraft:chiseled_sandstone":1,"minecraft:firework_rocket":64,"minecraft:rabbit_hide":1,"minecraft:player_head":19,"minecraft:rabbit":2,"minecraft:oak_planks":2,"minecraft:obsidian":1,"minecraft:coal":1},"minecraft:custom":{"minecraft:time_since_rest":105788,"minecraft:damage_taken":340,"minecraft:interact_with_furnace":1,"minecraft:sprint_one_cm":106153,"minecraft:walk_one_cm":162261,"minecraft:drop":35,"minecraft:fly_one_cm":391313,"minecraft:crouch_one_cm":1568,"minecraft:play_one_minute":109151,"minecraft:deaths":1,"minecraft:sneak_time":2330,"minecraft:pot_flower":69,"minecraft:jump":634,"minecraft:leave_game":1,"minecraft:time_since_death":105785},"minecraft:dropped":{"minecraft:poppy":1,"minecraft:player_head":19,"minecraft:allium":1,"minecraft:mojang_banner_pattern":1,"minecraft:cornflower":1,"minecraft:rose_bush":1,"minecraft:cut_sandstone":1,"minecraft:obsidian":1,"minecraft:sandstone_slab":1,"minecraft:sunflower":1,"minecraft:end_stone":2,"minecraft:azure_bluet":1,"minecraft:bedrock":1,"minecraft:coal":1,"minecraft:chiseled_sandstone":1,"minecraft:terracotta":3}},"DataVersion":2567}