{"stats":{"minecraft:killed_by":{"minecraft:player":2},"minecraft:mined":{"minecraft:fire":1},"minecraft:killed":{"minecraft:bee":4},"minecraft:used":{"minecraft:netherite_sword":5,"minecraft:blue_terracotta":5,"minecraft:iron_bars":10,"minecraft:end_stone_bricks":102,"minecraft:jigsaw":1,"minecraft:light_blue_glazed_terracotta":171,"minecraft:acacia_log":2,"minecraft:sandstone_stairs":51,"minecraft:birch_planks":1,"minecraft:witch_spawn_egg":1366,"minecraft:red_stained_glass":62,"minecraft:prismarine":5,"minecraft:jungle_fence":1,"minecraft:ender_pearl":7,"minecraft:sandstone":862,"minecraft:stone":1,"minecraft:cut_sandstone":31,"minecraft:blue_bed":1,"minecraft:player_head":109,"minecraft:bee_spawn_egg":67,"minecraft:soul_campfire":8,"minecraft:orange_stained_glass":34,"minecraft:pink_concrete":84,"minecraft:respawn_anchor":9,"minecraft:diamond_block":1,"minecraft:sand":28,"minecraft:light_blue_concrete":57,"minecraft:cyan_glazed_terracotta":119,"minecraft:tnt":19,"minecraft:crafting_table":2,"minecraft:blue_stained_glass":7,"minecraft:nether_bricks":53,"minecraft:spruce_stairs":25,"minecraft:light_blue_wool":63,"minecraft:birch_sign":38,"minecraft:crossbow":13,"minecraft:gray_concrete":42,"minecraft:blue_concrete":2,"minecraft:light_blue_stained_glass":12,"minecraft:end_stone":1026,"minecraft:cake":1,"minecraft:spruce_log":10,"minecraft:obsidian":30,"minecraft:creeper_spawn_egg":909,"minecraft:purple_stained_glass":4,"minecraft:glass":57,"minecraft:gray_terracotta":41,"minecraft:blue_glazed_terracotta":24,"minecraft:ender_eye":12,"minecraft:black_wool":10,"minecraft:cyan_terracotta":7,"minecraft:black_concrete":179,"minecraft:firework_rocket":957,"minecraft:coal_ore":1,"minecraft:red_wool":1,"minecraft:command_block":5,"minecraft:light_gray_concrete":24,"minecraft:yellow_stained_glass":11,"minecraft:iron_axe":1,"minecraft:stone_button":5,"minecraft:stone_bricks":269,"minecraft:crimson_sign":9,"minecraft:bedrock":14,"minecraft:purple_concrete":177,"minecraft:glowstone":9,"minecraft:cobblestone":50,"minecraft:potion":1,"minecraft:end_crystal":4,"minecraft:lime_stained_glass":17,"minecraft:minecart":2,"minecraft:white_stained_glass":364,"minecraft:chain":4,"minecraft:sandstone_slab":9,"minecraft:gold_block":2,"minecraft:egg":56,"minecraft:white_concrete":107,"minecraft:gray_wool":15,"minecraft:splash_potion":105,"minecraft:soul_torch":4},"minecraft:custom":{"minecraft:mob_kills":4,"minecraft:interact_with_crafting_table":5,"minecraft:play_one_minute":269668,"minecraft:interact_with_loom":1,"minecraft:eat_cake_slice":2,"minecraft:leave_game":2,"minecraft:time_since_death":198105,"minecraft:climb_one_cm":228,"minecraft:time_since_rest":198118,"minecraft:sprint_one_cm":263015,"minecraft:walk_one_cm":159705,"minecraft:damage_taken":1838,"minecraft:drop":13,"minecraft:minecart_one_cm":336197,"minecraft:damage_dealt":525,"minecraft:swim_one_cm":3403,"minecraft:fly_one_cm":2875751,"minecraft:open_chest":25,"minecraft:crouch_one_cm":21102,"minecraft:deaths":6,"minecraft:sneak_time":13342,"minecraft:walk_under_water_one_cm":46,"minecraft:aviate_one_cm":1565953,"minecraft:jump":978,"minecraft:walk_on_water_one_cm":3065,"minecraft:fall_one_cm":13869},"minecraft:picked_up":{"minecraft:cocoa_beans":1713,"minecraft:splash_potion":1,"minecraft:water_bucket":26,"minecraft:jungle_fence":1727,"minecraft:gunpowder":360,"minecraft:blue_bed":142,"minecraft:iron_axe":27,"minecraft:pufferfish":3,"minecraft:sticky_piston":1679,"minecraft:iron_shovel":27,"minecraft:birch_fence":1792,"minecraft:respawn_anchor":1786,"minecraft:oak_boat":26,"minecraft:player_head":32,"minecraft:mossy_stone_bricks":5,"minecraft:glass_bottle":300,"minecraft:iron_pickaxe":28,"minecraft:glowstone_dust":378,"minecraft:crimson_sign":1,"minecraft:egg":432,"minecraft:book":16,"minecraft:dark_oak_sapling":80,"minecraft:stick":711,"minecraft:end_stone":14,"minecraft:torch":2,"minecraft:spruce_fence":1792,"minecraft:redstone":295,"minecraft:spider_eye":343,"minecraft:firework_rocket":897,"minecraft:arrow":16,"minecraft:sugar":352,"minecraft:tropical_fish":8,"minecraft:crossbow":26,"minecraft:birch_sign":4,"minecraft:glowstone":1792,"minecraft:dark_oak_fence":1816,"minecraft:ender_pearl":208,"minecraft:cobblestone":3396,"minecraft:sunflower":38},"minecraft:dropped":{"minecraft:crimson_sign":1,"minecraft:birch_sign":1,"minecraft:iron_axe":1,"minecraft:splash_potion":1,"minecraft:firework_rocket":9}},"DataVersion":2567}