{"stats":{"minecraft:used":{"minecraft:water_bucket":505,"minecraft:netherite_sword":46,"minecraft:iron_bars":57,"minecraft:flint_and_steel":3,"minecraft:armor_stand":1,"minecraft:red_concrete":36,"minecraft:dark_oak_sign":13,"minecraft:oak_sign":148,"minecraft:ender_pearl":6630,"minecraft:chest":5,"minecraft:stone":10,"minecraft:magenta_stained_glass":146,"minecraft:cobblestone_slab":24,"minecraft:structure_block":11,"minecraft:oak_leaves":18,"minecraft:white_wool":4,"minecraft:torch":3,"minecraft:respawn_anchor":39,"minecraft:sand":1,"minecraft:crafting_table":18,"minecraft:twisting_vines":132,"minecraft:white_bed":9057,"minecraft:yellow_concrete":24,"minecraft:crossbow":324,"minecraft:end_stone":662,"minecraft:obsidian":84,"minecraft:bat_spawn_egg":26,"minecraft:lever":130,"minecraft:green_concrete":44,"minecraft:firework_rocket":82,"minecraft:crying_obsidian":9807,"minecraft:command_block":6,"minecraft:quartz_slab":3,"minecraft:bread":57,"minecraft:iron_pickaxe":246,"minecraft:stone_button":81,"minecraft:stone_bricks":4,"minecraft:purple_concrete":45,"minecraft:bedrock":58,"minecraft:glowstone":18,"minecraft:cobblestone":56160,"minecraft:bow":5,"minecraft:lime_concrete":25,"minecraft:end_crystal":36,"minecraft:netherite_pickaxe":2031,"minecraft:bucket":375,"minecraft:repeating_command_block":2,"minecraft:egg":6987,"minecraft:stone_pressure_plate":2,"minecraft:golden_pickaxe":63,"minecraft:bone_meal":1494,"minecraft:experience_bottle":35},"minecraft:dropped":{"minecraft:ender_pearl":1,"minecraft:crafting_table":1,"minecraft:cobblestone":6,"minecraft:oak_planks":21,"minecraft:command_block":1,"minecraft:white_bed":5,"minecraft:crying_obsidian":1,"minecraft:white_wool":21,"minecraft:egg":1,"minecraft:firework_rocket":57},"minecraft:picked_up":{"minecraft:shulker_shell":1,"minecraft:crafting_table":22,"minecraft:water_bucket":7504,"minecraft:golden_pickaxe":7504,"minecraft:twisting_vines":203328,"minecraft:experience_bottle":52,"minecraft:oak_sign":21,"minecraft:bow":2,"minecraft:respawn_anchor":483648,"minecraft:cobblestone_slab":259,"minecraft:iron_pickaxe":7505,"minecraft:oak_planks":462,"minecraft:egg":7505,"minecraft:end_stone":127,"minecraft:torch":1,"minecraft:stone_button":2091,"minecraft:white_bed":105745,"minecraft:end_crystal":3328,"minecraft:crying_obsidian":475155,"minecraft:stone_pressure_plate":1,"minecraft:command_block":1,"minecraft:firework_rocket":268608,"minecraft:arrow":480256,"minecraft:lever":50,"minecraft:crossbow":7949,"minecraft:bone_meal":207878,"minecraft:glowstone":483648,"minecraft:bread":480320,"minecraft:ender_pearl":52964,"minecraft:oak_sapling":1,"minecraft:cobblestone":480636,"minecraft:white_wool":483,"minecraft:snowball":2,"minecraft:iron_bars":22,"minecraft:oak_leaves":128},"minecraft:custom":{"minecraft:mob_kills":10,"minecraft:interact_with_crafting_table":18,"minecraft:play_one_minute":3402947,"minecraft:damage_dealt_resisted":198334,"minecraft:leave_game":177,"minecraft:time_since_death":29838,"minecraft:climb_one_cm":15545,"minecraft:damage_resisted":170823,"minecraft:time_since_rest":29839,"minecraft:damage_taken":834424,"minecraft:sprint_one_cm":1020442,"minecraft:walk_one_cm":3315833,"minecraft:drop":19,"minecraft:damage_dealt":600,"minecraft:swim_one_cm":14158,"minecraft:fly_one_cm":24192186,"minecraft:open_chest":119,"minecraft:crouch_one_cm":1655513,"minecraft:deaths":652,"minecraft:sneak_time":238608,"minecraft:walk_under_water_one_cm":56009,"minecraft:aviate_one_cm":84324346,"minecraft:jump":69129,"minecraft:walk_on_water_one_cm":39241,"minecraft:fall_one_cm":5752921},"minecraft:killed_by":{"minecraft:ender_dragon":123},"minecraft:crafted":{"minecraft:white_bed":98},"minecraft:broken":{"minecraft:netherite_pickaxe":1},"minecraft:killed":{"minecraft:ender_dragon":1,"minecraft:shulker":2},"minecraft:mined":{"minecraft:white_bed":9,"minecraft:twisting_vines_plant":1,"minecraft:end_stone":129,"minecraft:stone_button":2031,"minecraft:cobblestone":174,"minecraft:glowstone":1,"minecraft:fire":43,"minecraft:twisting_vines":3,"minecraft:cobblestone_slab":3,"minecraft:iron_bars":2,"minecraft:oak_leaves":15}},"DataVersion":2567}