{"stats":{"minecraft:mined":{"minecraft:redstone_block":1,"minecraft:bone_block":28,"minecraft:emerald_block":1,"minecraft:gold_block":2},"minecraft:used":{"minecraft:structure_block":49,"minecraft:diamond_block":21,"minecraft:repeater":5,"minecraft:jigsaw":2,"minecraft:emerald_block":15,"minecraft:soul_soil":365,"minecraft:command_block":22,"minecraft:redstone":19,"minecraft:stone_button":1,"minecraft:bone_block":302,"minecraft:netherite_pickaxe":32,"minecraft:oak_sign":19,"minecraft:gold_block":510,"minecraft:stone_pressure_plate":16,"minecraft:redstone_block":24,"minecraft:cyan_wool":54},"minecraft:custom":{"minecraft:time_since_rest":102005,"minecraft:play_one_minute":102005,"minecraft:crouch_one_cm":1151,"minecraft:sprint_one_cm":105547,"minecraft:walk_one_cm":142179,"minecraft:sneak_time":1631,"minecraft:jump":242,"minecraft:leave_game":1,"minecraft:time_since_death":102005,"minecraft:fall_one_cm":209,"minecraft:fly_one_cm":925595},"minecraft:picked_up":{"minecraft:emerald_block":1,"minecraft:redstone_block":1,"minecraft:gold_block":2,"minecraft:bone_block":3}},"DataVersion":2567}