{"stats":{"minecraft:picked_up":{"minecraft:bone_block":1},"minecraft:mined":{"minecraft:bone_block":9},"minecraft:used":{"minecraft:bone_block":1,"minecraft:netherite_pickaxe":9,"minecraft:diamond_block":1,"minecraft:emerald_block":15},"minecraft:custom":{"minecraft:jump":111,"minecraft:time_since_rest":3781,"minecraft:crouch_one_cm":459,"minecraft:play_one_minute":7630,"minecraft:leave_game":4,"minecraft:sprint_one_cm":25383,"minecraft:walk_one_cm":21877,"minecraft:time_since_death":3761,"minecraft:deaths":1,"minecraft:sneak_time":392,"minecraft:fall_one_cm":627,"minecraft:fly_one_cm":192431}},"DataVersion":2567}