{"stats":{"minecraft:dropped":{"minecraft:infested_stone":64,"minecraft:lava_bucket":2,"minecraft:infested_mossy_stone_bricks":64,"minecraft:infested_chiseled_stone_bricks":64,"minecraft:infested_cobblestone":64,"minecraft:infested_stone_bricks":64,"minecraft:infested_cracked_stone_bricks":64,"minecraft:end_portal_frame":64},"minecraft:used":{"minecraft:structure_block":14,"minecraft:oak_sign":6,"minecraft:gold_block":17},"minecraft:custom":{"minecraft:time_since_rest":12064,"minecraft:play_one_minute":12969,"minecraft:crouch_one_cm":646,"minecraft:sprint_one_cm":5155,"minecraft:walk_one_cm":18740,"minecraft:deaths":5,"minecraft:sneak_time":456,"minecraft:drop":9,"minecraft:jump":11,"minecraft:leave_game":2,"minecraft:time_since_death":12039,"minecraft:fly_one_cm":29963},"minecraft:picked_up":{"minecraft:infested_stone_bricks":64,"minecraft:end_portal_frame":64,"minecraft:lava_bucket":2,"minecraft:infested_cobblestone":64,"minecraft:infested_stone":64,"minecraft:infested_chiseled_stone_bricks":64,"minecraft:infested_cracked_stone_bricks":64,"minecraft:infested_mossy_stone_bricks":64}},"DataVersion":2567}