{"stats":{"minecraft:dropped":{"minecraft:egg":4},"minecraft:custom":{"minecraft:open_chest":3,"minecraft:time_since_rest":2531,"minecraft:crouch_one_cm":3,"minecraft:play_one_minute":9015,"minecraft:sprint_one_cm":17656,"minecraft:deaths":5,"minecraft:damage_taken":775,"minecraft:walk_one_cm":5970,"minecraft:sneak_time":126,"minecraft:drop":4,"minecraft:jump":176,"minecraft:walk_on_water_one_cm":5265,"minecraft:leave_game":3,"minecraft:time_since_death":2531,"minecraft:fall_one_cm":4052,"minecraft:fly_one_cm":97207},"minecraft:mined":{"minecraft:white_bed":1,"minecraft:wall_torch":1},"minecraft:picked_up":{"minecraft:water_bucket":8,"minecraft:stone_axe":8,"minecraft:stone_slab":512,"minecraft:carrot_on_a_stick":8,"minecraft:respawn_anchor":512,"minecraft:oak_boat":8,"minecraft:glowstone":512,"minecraft:cobblestone_slab":512,"minecraft:white_bed":125,"minecraft:egg":7,"minecraft:obsidian":512,"minecraft:cobblestone":512,"minecraft:ender_pearl":128},"minecraft:used":{"minecraft:water_bucket":4,"minecraft:repeating_command_block":2,"minecraft:carrot_on_a_stick":7,"minecraft:white_bed":21,"minecraft:bucket":2,"minecraft:ender_pearl":5,"minecraft:egg":19,"minecraft:obsidian":31}},"DataVersion":2567}