{"stats":{"minecraft:mined":{"minecraft:crafting_table":1},"minecraft:crafted":{"minecraft:golden_carrot":799,"minecraft:coarse_dirt":12484,"minecraft:oak_slab":198,"minecraft:crossbow":78,"minecraft:barrel":35,"minecraft:tripwire_hook":160,"minecraft:iron_nugget":27,"minecraft:blaze_powder":1536,"minecraft:iron_helmet":3,"minecraft:bowl":4,"minecraft:nether_bricks":6496,"minecraft:golden_pickaxe":100,"minecraft:bucket":175,"minecraft:stone_axe":82,"minecraft:glowstone":2731,"minecraft:flint_and_steel":195,"minecraft:bread":946,"minecraft:iron_bars":1872,"minecraft:tnt":95,"minecraft:oak_boat":26,"minecraft:white_wool":6643,"minecraft:bow":148,"minecraft:golden_apple":163,"minecraft:gold_nugget":9612,"minecraft:shield":111,"minecraft:iron_axe":106,"minecraft:light_weighted_pressure_plate":4,"minecraft:stick":20,"minecraft:iron_ingot":1318,"minecraft:iron_pickaxe":73,"minecraft:stone_pickaxe":1,"minecraft:wooden_axe":1,"minecraft:gold_ingot":325,"minecraft:white_bed":1240,"minecraft:ender_eye":1513,"minecraft:golden_helmet":174,"minecraft:respawn_anchor":807},"minecraft:dropped":{"minecraft:gravel":152,"minecraft:iron_ingot":27,"minecraft:iron_nugget":297,"minecraft:blaze_rod":16,"minecraft:ender_pearl":24,"minecraft:nether_brick":192,"minecraft:wheat":48,"minecraft:oak_planks":81,"minecraft:glowstone_dust":240,"minecraft:apple":3,"minecraft:bedrock":128,"minecraft:warped_planks":64,"minecraft:carrot":19,"minecraft:stick":30,"minecraft:flint":5,"minecraft:dirt":160,"minecraft:gunpowder":10,"minecraft:chest":3,"minecraft:crimson_sign":1,"minecraft:gold_nugget":66,"minecraft:sand":76,"minecraft:red_sand":64,"minecraft:chain_command_block":1,"minecraft:crying_obsidian":120,"minecraft:string":561,"minecraft:gold_ingot":58},"minecraft:used":{"minecraft:blue_terracotta":112,"minecraft:writable_book":16,"minecraft:damaged_anvil":1,"minecraft:armor_stand":90,"minecraft:yellow_shulker_box":2,"minecraft:oak_planks":15,"minecraft:oak_sign":141,"minecraft:chest":4,"minecraft:stone":18,"minecraft:brown_concrete":178,"minecraft:purple_shulker_box":1,"minecraft:redstone_block":167,"minecraft:warped_sign":27,"minecraft:pink_concrete":110,"minecraft:crafting_table":6,"minecraft:blue_stained_glass":1355,"minecraft:yellow_concrete":192,"minecraft:note_block":16,"minecraft:pink_terracotta":15,"minecraft:gray_concrete":498,"minecraft:blue_concrete":989,"minecraft:purple_stained_glass":2,"minecraft:black_concrete":15,"minecraft:command_block":131,"minecraft:light_gray_concrete":561,"minecraft:cyan_concrete":29,"minecraft:red_terracotta":2,"minecraft:crimson_planks":13,"minecraft:gravel":1,"minecraft:crimson_sign":10,"minecraft:purple_concrete":6,"minecraft:lime_concrete":15,"minecraft:chain_command_block":370,"minecraft:repeating_command_block":156},"minecraft:picked_up":{"minecraft:crafting_table":1,"minecraft:wheat":1308,"minecraft:splash_potion":8,"minecraft:magma_cream":76,"minecraft:potion":4,"minecraft:flint":108,"minecraft:nether_brick":7040,"minecraft:purple_shulker_box":1,"minecraft:gunpowder":124,"minecraft:string":6529,"minecraft:dirt":3540,"minecraft:iron_axe":2,"minecraft:flint_and_steel":2,"minecraft:iron_shovel":2,"minecraft:oak_sign":24,"minecraft:apple":107,"minecraft:gold_nugget":2365,"minecraft:iron_ingot":479,"minecraft:iron_nugget":9738,"minecraft:iron_pickaxe":2,"minecraft:glowstone_dust":6612,"minecraft:chest":5,"minecraft:oak_planks":2884,"minecraft:soul_sand":166,"minecraft:crimson_sign":1,"minecraft:stick":803,"minecraft:quartz":38,"minecraft:gravel":3624,"minecraft:lava_bucket":2,"minecraft:sand":105,"minecraft:carrot":544,"minecraft:crying_obsidian":3236,"minecraft:gold_ingot":1948,"minecraft:blaze_rod":432,"minecraft:obsidian":16,"minecraft:white_wool":1,"minecraft:ender_pearl":900},"minecraft:custom":{"minecraft:interact_with_anvil":1,"minecraft:interact_with_crafting_table":5018,"minecraft:play_one_minute":1480276,"minecraft:open_shulker_box":75,"minecraft:leave_game":69,"minecraft:time_since_death":1480276,"minecraft:time_since_rest":1480276,"minecraft:sprint_one_cm":537869,"minecraft:damage_taken":180,"minecraft:walk_one_cm":510912,"minecraft:drop":465,"minecraft:fly_one_cm":2527203,"minecraft:open_chest":54,"minecraft:crouch_one_cm":36687,"minecraft:sneak_time":19143,"minecraft:jump":3731,"minecraft:fall_one_cm":4277}},"DataVersion":2567}