{"stats":{"minecraft:broken":{"minecraft:golden_shovel":1},"minecraft:crafted":{"minecraft:oak_planks":1480,"minecraft:dark_oak_pressure_plate":1,"minecraft:dark_oak_boat":24,"minecraft:diamond_shovel":11,"minecraft:heavy_weighted_pressure_plate":13,"minecraft:iron_bars":32,"minecraft:warped_planks":28,"minecraft:dark_oak_door":9,"minecraft:bow":1,"minecraft:ender_eye":28,"minecraft:respawn_anchor":17,"minecraft:golden_boots":3,"minecraft:golden_axe":17,"minecraft:wooden_shovel":4,"minecraft:crafting_table":75,"minecraft:spruce_planks":32,"minecraft:wooden_pickaxe":2,"minecraft:golden_pickaxe":1,"minecraft:birch_planks":32,"minecraft:diamond_pickaxe":5,"minecraft:light_weighted_pressure_plate":12,"minecraft:stick":576,"minecraft:iron_ingot":22,"minecraft:iron_pickaxe":59,"minecraft:gold_ingot":10,"minecraft:oak_door":51,"minecraft:stone_shovel":2,"minecraft:tripwire_hook":2,"minecraft:fishing_rod":3,"minecraft:white_carpet":15,"minecraft:flint_and_steel":20,"minecraft:iron_axe":39,"minecraft:iron_hoe":1,"minecraft:spruce_boat":1,"minecraft:dark_oak_planks":1484,"minecraft:golden_helmet":13,"minecraft:crossbow":1,"minecraft:diamond_sword":15,"minecraft:nether_bricks":132,"minecraft:golden_shovel":17,"minecraft:bucket":64,"minecraft:dark_oak_button":1,"minecraft:stone_axe":3,"minecraft:glowstone":88,"minecraft:acacia_boat":2,"minecraft:oak_boat":30,"minecraft:white_wool":352,"minecraft:wooden_axe":12,"minecraft:iron_shovel":28,"minecraft:white_bed":65,"minecraft:acacia_planks":104},"minecraft:custom":{"minecraft:interact_with_crafting_table":207,"minecraft:open_barrel":7,"minecraft:open_shulker_box":28,"minecraft:leave_game":146,"minecraft:time_since_death":187871,"minecraft:sprint_one_cm":1254347,"minecraft:drop":147,"minecraft:deaths":6,"minecraft:jump":7101,"minecraft:walk_on_water_one_cm":178870,"minecraft:play_one_minute":4218228,"minecraft:damage_dealt":720,"minecraft:crouch_one_cm":198622,"minecraft:mob_kills":10,"minecraft:interact_with_anvil":4,"minecraft:climb_one_cm":749,"minecraft:walk_one_cm":1173616,"minecraft:sneak_time":155425,"minecraft:walk_under_water_one_cm":506754,"minecraft:pot_flower":1,"minecraft:time_since_rest":187894,"minecraft:damage_taken":8469,"minecraft:swim_one_cm":22950,"minecraft:fly_one_cm":25410860,"minecraft:open_chest":713,"minecraft:fall_one_cm":79128},"minecraft:mined":{"minecraft:dark_oak_planks":2,"minecraft:acacia_log":10,"minecraft:grass_block":1,"minecraft:spawner":1,"minecraft:magma_block":1,"minecraft:fire":2,"minecraft:tripwire":1,"minecraft:kelp_plant":1,"minecraft:chest":8,"minecraft:cobblestone":1,"minecraft:oak_planks":4,"minecraft:tnt":2,"minecraft:stone_brick_stairs":2,"minecraft:grass":14,"minecraft:oak_log":96,"minecraft:sand":25,"minecraft:dirt":27,"minecraft:netherrack":21,"minecraft:oak_leaves":1,"minecraft:dark_oak_log":125,"minecraft:spruce_leaves":2,"minecraft:gold_block":2,"minecraft:stone":22,"minecraft:infested_stone_bricks":1,"minecraft:crafting_table":58,"minecraft:tall_grass":4,"minecraft:spruce_log":2,"minecraft:gravel":150,"minecraft:acacia_planks":2},"minecraft:killed":{"minecraft:silverfish":1,"minecraft:turtle":1,"minecraft:tropical_fish":1,"minecraft:piglin":2},"minecraft:dropped":{"minecraft:dark_oak_sapling":7,"minecraft:dark_oak_button":3,"minecraft:light_weighted_pressure_plate":7,"minecraft:flint":6,"minecraft:gold_nugget":2,"minecraft:sand":22,"minecraft:iron_pickaxe":1,"minecraft:dark_oak_planks":1,"minecraft:chorus_plant":1,"minecraft:gold_ingot":778,"minecraft:oak_door":3,"minecraft:iron_nugget":29,"minecraft:birch_sapling":6,"minecraft:obsidian":2,"minecraft:glowstone_dust":56,"minecraft:white_bed":1,"minecraft:acacia_button":64,"minecraft:leather_chestplate":2,"minecraft:heavy_weighted_pressure_plate":4,"minecraft:chest":2,"minecraft:chain_command_block":1,"minecraft:crying_obsidian":49,"minecraft:netherrack":8,"minecraft:egg":22,"minecraft:iron_ingot":2,"minecraft:wheat_seeds":6,"minecraft:birch_leaves":1,"minecraft:barrier":1,"minecraft:prismarine_crystals":2,"minecraft:command_block":1,"minecraft:coal":5,"minecraft:repeater":65,"minecraft:wooden_axe":3,"minecraft:fire_charge":4,"minecraft:golden_hoe":1,"minecraft:iron_shovel":2,"minecraft:spruce_sapling":1,"minecraft:redstone":64,"minecraft:kelp":1,"minecraft:player_head":1,"minecraft:spruce_fence":1,"minecraft:flint_and_steel":1,"minecraft:stone":1,"minecraft:oak_sapling":21,"minecraft:golden_sword":1},"minecraft:used":{"minecraft:red_sand":18,"minecraft:iron_shovel":95,"minecraft:poppy":1,"minecraft:oak_sign":22,"minecraft:white_concrete_powder":32,"minecraft:chest":35,"minecraft:brown_concrete":72,"minecraft:stone":456,"minecraft:player_head":10,"minecraft:cocoa_beans":5,"minecraft:blue_stained_glass":415,"minecraft:nether_bricks":5,"minecraft:acacia_sapling":3,"minecraft:acacia_button":4,"minecraft:obsidian":129,"minecraft:stripped_spruce_log":1,"minecraft:jungle_sapling":35,"minecraft:lava_bucket":357,"minecraft:coal_ore":2,"minecraft:warped_hyphae":32,"minecraft:lantern":1,"minecraft:grass_block":637,"minecraft:birch_sapling":6,"minecraft:dark_oak_leaves":39,"minecraft:tropical_fish_spawn_egg":2,"minecraft:dark_oak_button":5,"minecraft:stone_bricks":77,"minecraft:item_frame":13,"minecraft:bedrock":9,"minecraft:repeater":36,"minecraft:scaffolding":3,"minecraft:birch_button":21,"minecraft:birch_trapdoor":20,"minecraft:blue_shulker_box":71,"minecraft:infested_mossy_stone_bricks":1,"minecraft:brown_carpet":1,"minecraft:magma_block":70,"minecraft:dark_oak_boat":1,"minecraft:hay_block":42,"minecraft:jungle_button":4,"minecraft:infested_cracked_stone_bricks":1,"minecraft:yellow_glazed_terracotta":4,"minecraft:oak_sapling":15,"minecraft:gold_block":50,"minecraft:egg":615,"minecraft:end_stone_brick_stairs":23,"minecraft:seagrass":52,"minecraft:stripped_spruce_wood":29,"minecraft:dark_oak_sapling":1,"minecraft:mossy_stone_bricks":136,"minecraft:diorite":2,"minecraft:end_stone_bricks":80,"minecraft:stripped_birch_log":12,"minecraft:birch_leaves":1,"minecraft:acacia_trapdoor":2,"minecraft:oak_planks":64,"minecraft:ender_pearl":6,"minecraft:sandstone":26,"minecraft:redstone_block":170,"minecraft:oak_leaves":297,"minecraft:brain_coral":1,"minecraft:dark_oak_trapdoor":2,"minecraft:sand":995,"minecraft:yellow_concrete":100,"minecraft:acacia_leaves":108,"minecraft:sponge":34,"minecraft:end_stone":42,"minecraft:lever":6,"minecraft:green_concrete":27,"minecraft:blue_glazed_terracotta":4,"minecraft:black_concrete":657,"minecraft:crying_obsidian":45,"minecraft:heavy_weighted_pressure_plate":17,"minecraft:string":1,"minecraft:brown_stained_glass":25,"minecraft:barrier":462,"minecraft:stone_button":14,"minecraft:oak_pressure_plate":1,"minecraft:gravel":863,"minecraft:fire_charge":15,"minecraft:stripped_oak_wood":5,"minecraft:cooked_rabbit":2,"minecraft:white_stained_glass":170,"minecraft:andesite":138,"minecraft:piglin_spawn_egg":7,"minecraft:pink_stained_glass":14,"minecraft:smooth_stone_slab":5,"minecraft:coarse_dirt":2,"minecraft:white_concrete":2302,"minecraft:tropical_fish_bucket":11,"minecraft:bone_meal":229,"minecraft:golden_pickaxe":1,"minecraft:gray_stained_glass":25,"minecraft:oak_trapdoor":1,"minecraft:jungle_leaves":144,"minecraft:iron_bars":7,"minecraft:acacia_log":1,"minecraft:flint_and_steel":48,"minecraft:red_concrete":232,"minecraft:armor_stand":88,"minecraft:stone_shovel":2,"minecraft:redstone":453,"minecraft:light_blue_terracotta":32,"minecraft:spruce_planks":4,"minecraft:wooden_shovel":9,"minecraft:cooked_salmon":12,"minecraft:sandstone_wall":4,"minecraft:netherrack":108,"minecraft:end_stone_brick_wall":16,"minecraft:dirt":483,"minecraft:warped_wart_block":19,"minecraft:anvil":3,"minecraft:white_carpet":18,"minecraft:spruce_stairs":9,"minecraft:warped_door":1,"minecraft:shulker_box":1,"minecraft:oak_wood":1,"minecraft:golden_shovel":65,"minecraft:granite":10,"minecraft:jungle_trapdoor":2,"minecraft:spruce_fence":5,"minecraft:light_blue_stained_glass":155,"minecraft:blue_concrete":352,"minecraft:shroomlight":3,"minecraft:stone_brick_slab":2,"minecraft:dark_oak_planks":39,"minecraft:wooden_axe":7,"minecraft:sea_lantern":70,"minecraft:yellow_stained_glass":114,"minecraft:iron_block":11,"minecraft:iron_axe":121,"minecraft:light_weighted_pressure_plate":27,"minecraft:spruce_button":8,"minecraft:jungle_log":26,"minecraft:barrel":17,"minecraft:yellow_concrete_powder":20,"minecraft:purple_concrete":4218,"minecraft:lime_concrete":27,"minecraft:black_stained_glass":36,"minecraft:iron_trapdoor":5,"minecraft:dark_oak_pressure_plate":2,"minecraft:horn_coral_block":25,"minecraft:crimson_pressure_plate":1,"minecraft:acacia_planks":6,"minecraft:turtle_egg":13,"minecraft:golden_axe":129,"minecraft:turtle_spawn_egg":1,"minecraft:water_bucket":291,"minecraft:iron_ore":3,"minecraft:light_blue_glazed_terracotta":15,"minecraft:tube_coral_block":49,"minecraft:yellow_shulker_box":21,"minecraft:blue_wool":70,"minecraft:red_mushroom_block":2,"minecraft:magenta_stained_glass":74,"minecraft:cracked_stone_bricks":72,"minecraft:pink_concrete":10,"minecraft:vine":65,"minecraft:lime_terracotta":32,"minecraft:comparator":2,"minecraft:tnt":54,"minecraft:crafting_table":125,"minecraft:crimson_trapdoor":12,"minecraft:fire_coral":1,"minecraft:lime_shulker_box":47,"minecraft:spruce_log":3,"minecraft:dark_oak_door":3,"minecraft:warped_planks":7,"minecraft:cyan_stained_glass":32,"minecraft:purple_stained_glass":21,"minecraft:oak_log":5,"minecraft:piston":1,"minecraft:flower_pot":1,"minecraft:ender_eye":186,"minecraft:diamond_pickaxe":4,"minecraft:warped_trapdoor":1,"minecraft:diamond_shovel":7,"minecraft:acacia_sign":4,"minecraft:command_block":626,"minecraft:oak_button":6,"minecraft:iron_pickaxe":45,"minecraft:cyan_concrete":111,"minecraft:magenta_concrete":42,"minecraft:spruce_trapdoor":12,"minecraft:spruce_sapling":2,"minecraft:crimson_sign":2,"minecraft:stone_axe":3,"minecraft:fire_coral_block":1,"minecraft:cobblestone":5,"minecraft:end_crystal":3,"minecraft:acacia_pressure_plate":13,"minecraft:bucket":540,"minecraft:chain_command_block":101,"minecraft:glass_pane":1,"minecraft:repeating_command_block":25,"minecraft:end_portal_frame":12,"minecraft:polished_blackstone_button":5,"minecraft:stripped_oak_log":40,"minecraft:kelp":125,"minecraft:purple_carpet":32,"minecraft:dandelion":12,"minecraft:splash_potion":1},"minecraft:killed_by":{"minecraft:endermite":1},"minecraft:picked_up":{"minecraft:birch_button":2,"minecraft:potion":1797,"minecraft:acacia_pressure_plate":5,"minecraft:enchanted_book":746,"minecraft:golden_shovel":6,"minecraft:nether_brick":65479,"minecraft:stone_brick_stairs":2,"minecraft:crimson_planks":630,"minecraft:golden_sword":6,"minecraft:string":71806,"minecraft:dark_oak_pressure_plate":1,"minecraft:cooked_salmon":91,"minecraft:oak_sign":3,"minecraft:gold_nugget":206,"minecraft:comparator":2,"minecraft:light_weighted_pressure_plate":11,"minecraft:ender_eye":12264,"minecraft:iron_pickaxe":1070,"minecraft:enchanted_golden_apple":2,"minecraft:iron_boots":55,"minecraft:dark_oak_door":1,"minecraft:golden_helmet":5,"minecraft:stick":34,"minecraft:acacia_log":394,"minecraft:golden_axe":20,"minecraft:diorite":432,"minecraft:warped_planks":4745,"minecraft:golden_chestplate":5,"minecraft:warped_door":1,"minecraft:cactus":1,"minecraft:command_block":1,"minecraft:rotten_flesh":16,"minecraft:tropical_fish":2,"minecraft:obsidian":6298,"minecraft:blaze_powder":439,"minecraft:cobblestone":2917,"minecraft:birch_log":8,"minecraft:magma_block":1,"minecraft:leather_chestplate":19,"minecraft:magma_cream":12101,"minecraft:repeater":1,"minecraft:water_bucket":83,"minecraft:dark_oak_boat":1,"minecraft:golden_leggings":4,"minecraft:potato":2,"minecraft:flint":130,"minecraft:lapis_lazuli":1,"minecraft:dirt":2650,"minecraft:purple_carpet":11,"minecraft:acacia_planks":3,"minecraft:wheat_seeds":7,"minecraft:glowstone_dust":30653,"minecraft:oak_planks":7440,"minecraft:oak_pressure_plate":1,"minecraft:sand":73,"minecraft:shulker_box":1,"minecraft:dark_oak_log":371,"minecraft:diamond":59,"minecraft:black_concrete":25,"minecraft:granite":490,"minecraft:white_concrete":32,"minecraft:golden_apple":12,"minecraft:spruce_button":7,"minecraft:golden_horse_armor":1,"minecraft:emerald":147,"minecraft:oak_sapling":28,"minecraft:netherrack":29,"minecraft:end_stone_bricks":1,"minecraft:crafting_table":1117,"minecraft:splash_potion":1676,"minecraft:golden_pickaxe":24,"minecraft:gold_block":4,"minecraft:acacia_button":1,"minecraft:heavy_weighted_pressure_plate":12,"minecraft:iron_axe":1070,"minecraft:flint_and_steel":1092,"minecraft:white_carpet":1,"minecraft:iron_shovel":1070,"minecraft:player_head":5,"minecraft:chest":2037,"minecraft:iron_nugget":39041,"minecraft:birch_sapling":6,"minecraft:egg":2,"minecraft:dark_oak_sapling":8,"minecraft:fire_charge":18707,"minecraft:stone_button":2,"minecraft:redstone":26,"minecraft:light_gray_stained_glass_pane":1361851,"minecraft:prismarine_crystals":19,"minecraft:dark_oak_planks":2328,"minecraft:tnt":42,"minecraft:cooked_cod":111,"minecraft:golden_hoe":9,"minecraft:glistering_melon_slice":21,"minecraft:gold_ingot":1243,"minecraft:yellow_shulker_box":1,"minecraft:clock":2,"minecraft:dark_oak_button":3,"minecraft:golden_carrot":15,"minecraft:leather":44067,"minecraft:birch_planks":660,"minecraft:oak_log":865,"minecraft:golden_boots":6,"minecraft:gunpowder":5,"minecraft:kelp":28,"minecraft:warped_stem":206,"minecraft:heart_of_the_sea":32,"minecraft:iron_ingot":895,"minecraft:iron_sword":7,"minecraft:soul_sand":64738,"minecraft:purple_concrete":1,"minecraft:scaffolding":1,"minecraft:chain_command_block":6,"minecraft:quartz":37575,"minecraft:dandelion":6,"minecraft:gravel":68553,"minecraft:lava_bucket":987,"minecraft:spruce_sapling":1,"minecraft:spruce_log":8,"minecraft:crying_obsidian":15284,"minecraft:oak_button":4,"minecraft:coal":5,"minecraft:ender_pearl":19021}},"DataVersion":2567}