{
  "mc_version": "1.16.1",
  "speedrunigt_version": "13.6+1.16.1",
  "category": "ALL_PORTALS",
  "run_type": "old_world",
  "is_completed": false,
  "is_coop": false,
  "is_hardcore": false,
  "world_name": "Search Crafting Practice v1.0",
  "is_cheat_allowed": true,
  "default_gamemode": 1,
  "date": 1699577676312,
  "retimed_igt": 21689447,
  "final_igt": 21689447,
  "stats_igt": 0,
  "final_rta": 33418369,
  "open_lan": 31411227,
  "timelines": [],
  "advancements": {
    "minecraft:recipes/building_blocks/orange_concrete_powder": {
      "complete": true,
      "is_advancement": false,
      "criteria": {},
      "igt": 0,
      "rta": 0
    },
    "minecraft:recipes/decorations/gray_bed_from_white_bed": {
      "complete": true,
      "is_advancement": false,
      "criteria": {},
      "igt": 0,
      "rta": 0
    },
    "minecraft:recipes/building_blocks/stone": {
      "complete": true,
      "is_advancement": false,
      "criteria": {},
      "igt": 0,
      "rta": 0
    },
    "minecraft:recipes/building_blocks/oak_slab": {
      "complete": true,
      "is_advancement": false,
      "criteria": {},
      "igt": 0,
      "rta": 0
    },
    "minecraft:recipes/building_blocks/stone_brick_stairs_from_stone_stonecutting": {
      "complete": true,
      "is_advancement": false,
      "criteria": {},
      "igt": 0,
      "rta": 0
    },
    "minecraft:recipes/tools/iron_pickaxe": {
      "complete": true,
      "is_advancement": false,
      "criteria": {},
      "igt": 0,
      "rta": 0
    },
    "minecraft:recipes/combat/iron_chestplate": {
      "complete": true,
      "is_advancement": false,
      "criteria": {},
      "igt": 0,
      "rta": 0
    },
    "minecraft:recipes/building_blocks/orange_wool": {
      "complete": true,
      "is_advancement": false,
      "criteria": {},
      "igt": 0,
      "rta": 0
    },
    "minecraft:recipes/combat/golden_leggings": {
      "complete": true,
      "is_advancement": false,
      "criteria": {},
      "igt": 0,
      "rta": 0
    },
    "minecraft:recipes/decorations/respawn_anchor": {
      "complete": true,
      "is_advancement": false,
      "criteria": {},
      "igt": 0,
      "rta": 0
    },
    "minecraft:recipes/decorations/pink_bed_from_white_bed": {
      "complete": true,
      "is_advancement": false,
      "criteria": {},
      "igt": 0,
      "rta": 0
    },
    "minecraft:recipes/tools/wooden_hoe": {
      "complete": true,
      "is_advancement": false,
      "criteria": {},
      "igt": 0,
      "rta": 0
    },
    "minecraft:recipes/decorations/ladder": {
      "complete": true,
      "is_advancement": false,
      "criteria": {},
      "igt": 0,
      "rta": 0
    },
    "minecraft:recipes/decorations/iron_bars": {
      "complete": true,
      "is_advancement": false,
      "criteria": {},
      "igt": 0,
      "rta": 0
    },
    "minecraft:recipes/decorations/pink_glazed_terracotta": {
      "complete": true,
      "is_advancement": false,
      "criteria": {},
      "igt": 0,
      "rta": 0
    },
    "minecraft:recipes/tools/stone_pickaxe": {
      "complete": true,
      "is_advancement": false,
      "criteria": {},
      "igt": 0,
      "rta": 0
    },
    "minecraft:recipes/transportation/minecart": {
      "complete": true,
      "is_advancement": false,
      "criteria": {},
      "igt": 0,
      "rta": 0
    },
    "minecraft:recipes/redstone/oak_pressure_plate": {
      "complete": true,
      "is_advancement": false,
      "criteria": {},
      "igt": 0,
      "rta": 0
    },
    "minecraft:recipes/combat/bow": {
      "complete": true,
      "is_advancement": false,
      "criteria": {},
      "igt": 0,
      "rta": 0
    },
    "minecraft:recipes/building_blocks/black_concrete_powder": {
      "complete": true,
      "is_advancement": false,
      "criteria": {},
      "igt": 0,
      "rta": 0
    },
    "minecraft:story/root": {
      "complete": true,
      "is_advancement": true,
      "criteria": {},
      "igt": 0,
      "rta": 0
    },
    "minecraft:recipes/decorations/blue_stained_glass_pane": {
      "complete": true,
      "is_advancement": false,
      "criteria": {},
      "igt": 0,
      "rta": 0
    },
    "minecraft:recipes/redstone/crimson_trapdoor": {
      "complete": true,
      "is_advancement": false,
      "criteria": {},
      "igt": 0,
      "rta": 0
    },
    "minecraft:recipes/building_blocks/chiseled_stone_bricks_stone_from_stonecutting": {
      "complete": true,
      "is_advancement": false,
      "criteria": {},
      "igt": 0,
      "rta": 0
    },
    "minecraft:recipes/combat/spectral_arrow": {
      "complete": true,
      "is_advancement": false,
      "criteria": {},
      "igt": 0,
      "rta": 0
    },
    "minecraft:recipes/decorations/warped_fence": {
      "complete": true,
      "is_advancement": false,
      "criteria": {},
      "igt": 0,
      "rta": 0
    },
    "minecraft:recipes/combat/wooden_sword": {
      "complete": true,
      "is_advancement": false,
      "criteria": {},
      "igt": 0,
      "rta": 0
    },
    "minecraft:recipes/combat/golden_helmet": {
      "complete": true,
      "is_advancement": false,
      "criteria": {},
      "igt": 0,
      "rta": 0
    },
    "minecraft:recipes/decorations/crafting_table": {
      "complete": true,
      "is_advancement": false,
      "criteria": {},
      "igt": 0,
      "rta": 0
    },
    "minecraft:recipes/redstone/dispenser": {
      "complete": true,
      "is_advancement": false,
      "criteria": {},
      "igt": 0,
      "rta": 0
    },
    "minecraft:story/iron_tools": {
      "complete": true,
      "is_advancement": true,
      "criteria": {},
      "igt": 0,
      "rta": 0
    },
    "minecraft:recipes/decorations/dark_oak_sign": {
      "complete": true,
      "is_advancement": false,
      "criteria": {},
      "igt": 0,
      "rta": 0
    },
    "minecraft:recipes/decorations/nether_brick_wall": {
      "complete": true,
      "is_advancement": false,
      "criteria": {},
      "igt": 0,
      "rta": 0
    },
    "minecraft:recipes/decorations/nether_brick_fence": {
      "complete": true,
      "is_advancement": false,
      "criteria": {},
      "igt": 0,
      "rta": 0
    },
    "minecraft:nether/obtain_blaze_rod": {
      "complete": true,
      "is_advancement": true,
      "criteria": {},
      "igt": 0,
      "rta": 0
    },
    "minecraft:recipes/building_blocks/lime_concrete_powder": {
      "complete": true,
      "is_advancement": false,
      "criteria": {},
      "igt": 0,
      "rta": 0
    },
    "minecraft:recipes/redstone/crimson_fence_gate": {
      "complete": true,
      "is_advancement": false,
      "criteria": {},
      "igt": 0,
      "rta": 0
    },
    "minecraft:recipes/building_blocks/gray_concrete_powder": {
      "complete": true,
      "is_advancement": false,
      "criteria": {},
      "igt": 0,
      "rta": 0
    },
    "minecraft:recipes/building_blocks/green_concrete_powder": {
      "complete": true,
      "is_advancement": false,
      "criteria": {},
      "igt": 0,
      "rta": 0
    },
    "minecraft:recipes/tools/golden_axe": {
      "complete": true,
      "is_advancement": false,
      "criteria": {},
      "igt": 0,
      "rta": 0
    },
    "minecraft:recipes/combat/stone_sword": {
      "complete": true,
      "is_advancement": false,
      "criteria": {},
      "igt": 0,
      "rta": 0
    },
    "minecraft:recipes/misc/iron_nugget_from_blasting": {
      "complete": true,
      "is_advancement": false,
      "criteria": {},
      "igt": 0,
      "rta": 0
    },
    "minecraft:recipes/building_blocks/blue_concrete_powder": {
      "complete": true,
      "is_advancement": false,
      "criteria": {},
      "igt": 0,
      "rta": 0
    },
    "minecraft:recipes/combat/iron_helmet": {
      "complete": true,
      "is_advancement": false,
      "criteria": {},
      "igt": 0,
      "rta": 0
    },
    "minecraft:recipes/decorations/soul_torch": {
      "complete": true,
      "is_advancement": false,
      "criteria": {},
      "igt": 0,
      "rta": 0
    },
    "minecraft:recipes/building_blocks/spruce_wood": {
      "complete": true,
      "is_advancement": false,
      "criteria": {},
      "igt": 0,
      "rta": 0
    },
    "minecraft:recipes/redstone/crimson_pressure_plate": {
      "complete": true,
      "is_advancement": false,
      "criteria": {},
      "igt": 0,
      "rta": 0
    },
    "minecraft:recipes/building_blocks/cobblestone_stairs": {
      "complete": true,
      "is_advancement": false,
      "criteria": {},
      "igt": 0,
      "rta": 0
    },
    "minecraft:recipes/misc/ender_eye": {
      "complete": true,
      "is_advancement": false,
      "criteria": {},
      "igt": 0,
      "rta": 0
    },
    "minecraft:recipes/building_blocks/smooth_stone": {
      "complete": true,
      "is_advancement": false,
      "criteria": {},
      "igt": 0,
      "rta": 0
    },
    "minecraft:recipes/building_blocks/red_sandstone": {
      "complete": true,
      "is_advancement": false,
      "criteria": {},
      "igt": 0,
      "rta": 0
    },
    "minecraft:recipes/decorations/blue_glazed_terracotta": {
      "complete": true,
      "is_advancement": false,
      "criteria": {},
      "igt": 0,
      "rta": 0
    },
    "minecraft:recipes/building_blocks/magenta_wool": {
      "complete": true,
      "is_advancement": false,
      "criteria": {},
      "igt": 0,
      "rta": 0
    },
    "minecraft:recipes/food/golden_apple": {
      "complete": true,
      "is_advancement": false,
      "criteria": {},
      "igt": 0,
      "rta": 0
    },
    "minecraft:recipes/building_blocks/nether_bricks": {
      "complete": true,
      "is_advancement": false,
      "criteria": {},
      "igt": 0,
      "rta": 0
    },
    "minecraft:recipes/misc/gold_nugget": {
      "complete": true,
      "is_advancement": false,
      "criteria": {},
      "igt": 0,
      "rta": 0
    },
    "minecraft:recipes/building_blocks/nether_brick_stairs": {
      "complete": true,
      "is_advancement": false,
      "criteria": {},
      "igt": 0,
      "rta": 0
    },
    "minecraft:recipes/redstone/oak_trapdoor": {
      "complete": true,
      "is_advancement": false,
      "criteria": {},
      "igt": 0,
      "rta": 0
    },
    "minecraft:recipes/tools/golden_hoe": {
      "complete": true,
      "is_advancement": false,
      "criteria": {},
      "igt": 0,
      "rta": 0
    },
    "minecraft:recipes/combat/golden_sword": {
      "complete": true,
      "is_advancement": false,
      "criteria": {},
      "igt": 0,
      "rta": 0
    },
    "minecraft:recipes/brewing/blaze_powder": {
      "complete": true,
      "is_advancement": false,
      "criteria": {},
      "igt": 0,
      "rta": 0
    },
    "minecraft:recipes/tools/shears": {
      "complete": true,
      "is_advancement": false,
      "criteria": {},
      "igt": 0,
      "rta": 0
    },
    "minecraft:recipes/decorations/brown_bed_from_white_bed": {
      "complete": true,
      "is_advancement": false,
      "criteria": {},
      "igt": 0,
      "rta": 0
    },
    "minecraft:recipes/building_blocks/gold_block": {
      "complete": true,
      "is_advancement": false,
      "criteria": {},
      "igt": 0,
      "rta": 0
    },
    "minecraft:recipes/redstone/warped_fence_gate": {
      "complete": true,
      "is_advancement": false,
      "criteria": {},
      "igt": 0,
      "rta": 0
    },
    "minecraft:recipes/building_blocks/red_wool": {
      "complete": true,
      "is_advancement": false,
      "criteria": {},
      "igt": 0,
      "rta": 0
    },
    "minecraft:recipes/decorations/light_gray_bed_from_white_bed": {
      "complete": true,
      "is_advancement": false,
      "criteria": {},
      "igt": 0,
      "rta": 0
    },
    "minecraft:recipes/tools/stone_axe": {
      "complete": true,
      "is_advancement": false,
      "criteria": {},
      "igt": 0,
      "rta": 0
    },
    "minecraft:recipes/building_blocks/coarse_dirt": {
      "complete": true,
      "is_advancement": false,
      "criteria": {},
      "igt": 0,
      "rta": 0
    },
    "minecraft:recipes/building_blocks/stone_brick_slab_from_stone_stonecutting": {
      "complete": true,
      "is_advancement": false,
      "criteria": {},
      "igt": 0,
      "rta": 0
    },
    "minecraft:recipes/combat/iron_sword": {
      "complete": true,
      "is_advancement": false,
      "criteria": {},
      "igt": 0,
      "rta": 0
    },
    "minecraft:recipes/misc/fire_charge": {
      "complete": true,
      "is_advancement": false,
      "criteria": {},
      "igt": 0,
      "rta": 0
    },
    "minecraft:recipes/building_blocks/gray_wool": {
      "complete": true,
      "is_advancement": false,
      "criteria": {},
      "igt": 0,
      "rta": 0
    },
    "minecraft:recipes/decorations/white_banner": {
      "complete": true,
      "is_advancement": false,
      "criteria": {},
      "igt": 0,
      "rta": 0
    },
    "minecraft:recipes/tools/wooden_pickaxe": {
      "complete": true,
      "is_advancement": false,
      "criteria": {},
      "igt": 0,
      "rta": 0
    },
    "minecraft:recipes/brewing/golden_carrot": {
      "complete": true,
      "is_advancement": false,
      "criteria": {},
      "igt": 0,
      "rta": 0
    },
    "minecraft:recipes/building_blocks/glass": {
      "complete": true,
      "is_advancement": false,
      "criteria": {},
      "igt": 0,
      "rta": 0
    },
    "minecraft:recipes/redstone/tripwire_hook": {
      "complete": true,
      "is_advancement": false,
      "criteria": {},
      "igt": 0,
      "rta": 0
    },
    "minecraft:recipes/building_blocks/stone_slab_from_stone_stonecutting": {
      "complete": true,
      "is_advancement": false,
      "criteria": {},
      "igt": 0,
      "rta": 0
    },
    "minecraft:recipes/decorations/lantern": {
      "complete": true,
      "is_advancement": false,
      "criteria": {},
      "igt": 0,
      "rta": 0
    },
    "minecraft:recipes/decorations/crimson_fence": {
      "complete": true,
      "is_advancement": false,
      "criteria": {},
      "igt": 0,
      "rta": 0
    },
    "minecraft:recipes/building_blocks/brown_wool": {
      "complete": true,
      "is_advancement": false,
      "criteria": {},
      "igt": 0,
      "rta": 0
    },
    "minecraft:recipes/building_blocks/nether_brick_slab_from_nether_bricks_stonecutting": {
      "complete": true,
      "is_advancement": false,
      "criteria": {},
      "igt": 0,
      "rta": 0
    },
    "minecraft:recipes/decorations/red_bed_from_white_bed": {
      "complete": true,
      "is_advancement": false,
      "criteria": {},
      "igt": 0,
      "rta": 0
    },
    "minecraft:recipes/decorations/cobblestone_wall": {
      "complete": true,
      "is_advancement": false,
      "criteria": {},
      "igt": 0,
      "rta": 0
    },
    "minecraft:recipes/building_blocks/red_concrete_powder": {
      "complete": true,
      "is_advancement": false,
      "criteria": {},
      "igt": 0,
      "rta": 0
    },
    "minecraft:recipes/combat/golden_chestplate": {
      "complete": true,
      "is_advancement": false,
      "criteria": {},
      "igt": 0,
      "rta": 0
    },
    "minecraft:recipes/decorations/stone_brick_walls_from_stone_stonecutting": {
      "complete": true,
      "is_advancement": false,
      "criteria": {},
      "igt": 0,
      "rta": 0
    },
    "minecraft:recipes/tools/iron_shovel": {
      "complete": true,
      "is_advancement": false,
      "criteria": {},
      "igt": 0,
      "rta": 0
    },
    "minecraft:recipes/building_blocks/blue_wool": {
      "complete": true,
      "is_advancement": false,
      "criteria": {},
      "igt": 0,
      "rta": 0
    },
    "minecraft:recipes/decorations/white_bed": {
      "complete": true,
      "is_advancement": false,
      "criteria": {},
      "igt": 0,
      "rta": 0
    },
    "minecraft:recipes/decorations/loom": {
      "complete": true,
      "is_advancement": false,
      "criteria": {},
      "igt": 0,
      "rta": 0
    },
    "minecraft:recipes/building_blocks/oak_stairs": {
      "complete": true,
      "is_advancement": false,
      "criteria": {},
      "igt": 0,
      "rta": 0
    },
    "minecraft:recipes/redstone/heavy_weighted_pressure_plate": {
      "complete": true,
      "is_advancement": false,
      "criteria": {},
      "igt": 0,
      "rta": 0
    },
    "minecraft:recipes/decorations/purple_bed_from_white_bed": {
      "complete": true,
      "is_advancement": false,
      "criteria": {},
      "igt": 0,
      "rta": 0
    },
    "minecraft:recipes/building_blocks/yellow_concrete_powder": {
      "complete": true,
      "is_advancement": false,
      "criteria": {},
      "igt": 0,
      "rta": 0
    },
    "minecraft:recipes/building_blocks/crimson_stairs": {
      "complete": true,
      "is_advancement": false,
      "criteria": {},
      "igt": 0,
      "rta": 0
    },
    "minecraft:recipes/building_blocks/dark_oak_slab": {
      "complete": true,
      "is_advancement": false,
      "criteria": {},
      "igt": 0,
      "rta": 0
    },
    "minecraft:recipes/decorations/purple_stained_glass_pane": {
      "complete": true,
      "is_advancement": false,
      "criteria": {},
      "igt": 0,
      "rta": 0
    },
    "minecraft:recipes/redstone/redstone": {
      "complete": true,
      "is_advancement": false,
      "criteria": {},
      "igt": 0,
      "rta": 0
    },
    "minecraft:recipes/decorations/chest": {
      "complete": true,
      "is_advancement": false,
      "criteria": {},
      "igt": 0,
      "rta": 0
    },
    "minecraft:recipes/building_blocks/chiseled_nether_bricks": {
      "complete": true,
      "is_advancement": false,
      "criteria": {},
      "igt": 0,
      "rta": 0
    },
    "minecraft:recipes/misc/iron_ingot_from_nuggets": {
      "complete": true,
      "is_advancement": false,
      "criteria": {},
      "igt": 0,
      "rta": 0
    },
    "minecraft:recipes/building_blocks/light_gray_concrete_powder": {
      "complete": true,
      "is_advancement": false,
      "criteria": {},
      "igt": 0,
      "rta": 0
    },
    "minecraft:recipes/decorations/fletching_table": {
      "complete": true,
      "is_advancement": false,
      "criteria": {},
      "igt": 0,
      "rta": 0
    },
    "minecraft:recipes/building_blocks/dark_oak_stairs": {
      "complete": true,
      "is_advancement": false,
      "criteria": {},
      "igt": 0,
      "rta": 0
    },
    "minecraft:recipes/decorations/nether_brick_wall_from_nether_bricks_stonecutting": {
      "complete": true,
      "is_advancement": false,
      "criteria": {},
      "igt": 0,
      "rta": 0
    },
    "minecraft:recipes/building_blocks/light_blue_concrete_powder": {
      "complete": true,
      "is_advancement": false,
      "criteria": {},
      "igt": 0,
      "rta": 0
    },
    "minecraft:recipes/building_blocks/stone_slab": {
      "complete": true,
      "is_advancement": false,
      "criteria": {},
      "igt": 0,
      "rta": 0
    },
    "minecraft:recipes/tools/iron_hoe": {
      "complete": true,
      "is_advancement": false,
      "criteria": {},
      "igt": 0,
      "rta": 0
    },
    "minecraft:recipes/building_blocks/crimson_slab": {
      "complete": true,
      "is_advancement": false,
      "criteria": {},
      "igt": 0,
      "rta": 0
    },
    "minecraft:recipes/building_blocks/iron_block": {
      "complete": true,
      "is_advancement": false,
      "criteria": {},
      "igt": 0,
      "rta": 0
    },
    "minecraft:recipes/decorations/stonecutter": {
      "complete": true,
      "is_advancement": false,
      "criteria": {},
      "igt": 0,
      "rta": 0
    },
    "minecraft:recipes/redstone/iron_trapdoor": {
      "complete": true,
      "is_advancement": false,
      "criteria": {},
      "igt": 0,
      "rta": 0
    },
    "minecraft:recipes/building_blocks/stone_stairs": {
      "complete": true,
      "is_advancement": false,
      "criteria": {},
      "igt": 0,
      "rta": 0
    },
    "minecraft:recipes/misc/gold_ingot_from_nuggets": {
      "complete": true,
      "is_advancement": false,
      "criteria": {},
      "igt": 0,
      "rta": 0
    },
    "minecraft:recipes/redstone/dark_oak_button": {
      "complete": true,
      "is_advancement": false,
      "criteria": {},
      "igt": 0,
      "rta": 0
    },
    "minecraft:recipes/redstone/oak_button": {
      "complete": true,
      "is_advancement": false,
      "criteria": {},
      "igt": 0,
      "rta": 0
    },
    "minecraft:recipes/decorations/furnace": {
      "complete": true,
      "is_advancement": false,
      "criteria": {},
      "igt": 0,
      "rta": 0
    },
    "minecraft:recipes/brewing/magma_cream": {
      "complete": true,
      "is_advancement": false,
      "criteria": {},
      "igt": 0,
      "rta": 0
    },
    "minecraft:recipes/combat/shield": {
      "complete": true,
      "is_advancement": false,
      "criteria": {},
      "igt": 0,
      "rta": 0
    },
    "minecraft:recipes/redstone/crimson_button": {
      "complete": true,
      "is_advancement": false,
      "criteria": {},
      "igt": 0,
      "rta": 0
    },
    "minecraft:recipes/redstone/hopper": {
      "complete": true,
      "is_advancement": false,
      "criteria": {},
      "igt": 0,
      "rta": 0
    },
    "minecraft:recipes/building_blocks/pink_concrete_powder": {
      "complete": true,
      "is_advancement": false,
      "criteria": {},
      "igt": 0,
      "rta": 0
    },
    "minecraft:recipes/building_blocks/black_wool": {
      "complete": true,
      "is_advancement": false,
      "criteria": {},
      "igt": 0,
      "rta": 0
    },
    "minecraft:recipes/building_blocks/stone_bricks_from_stone_stonecutting": {
      "complete": true,
      "is_advancement": false,
      "criteria": {},
      "igt": 0,
      "rta": 0
    },
    "minecraft:recipes/building_blocks/green_wool": {
      "complete": true,
      "is_advancement": false,
      "criteria": {},
      "igt": 0,
      "rta": 0
    },
    "minecraft:recipes/redstone/redstone_lamp": {
      "complete": true,
      "is_advancement": false,
      "criteria": {},
      "igt": 0,
      "rta": 0
    },
    "minecraft:recipes/building_blocks/cobblestone_slab_from_cobblestone_stonecutting": {
      "complete": true,
      "is_advancement": false,
      "criteria": {},
      "igt": 0,
      "rta": 0
    },
    "minecraft:recipes/building_blocks/warped_slab": {
      "complete": true,
      "is_advancement": false,
      "criteria": {},
      "igt": 0,
      "rta": 0
    },
    "minecraft:recipes/decorations/yellow_bed_from_white_bed": {
      "complete": true,
      "is_advancement": false,
      "criteria": {},
      "igt": 0,
      "rta": 0
    },
    "minecraft:recipes/building_blocks/chiseled_nether_bricks_from_nether_bricks_stonecutting": {
      "complete": true,
      "is_advancement": false,
      "criteria": {},
      "igt": 0,
      "rta": 0
    },
    "minecraft:recipes/tools/stone_shovel": {
      "complete": true,
      "is_advancement": false,
      "criteria": {},
      "igt": 0,
      "rta": 0
    },
    "minecraft:story/mine_stone": {
      "complete": true,
      "is_advancement": true,
      "criteria": {},
      "igt": 0,
      "rta": 0
    },
    "minecraft:recipes/building_blocks/cobblestone_stairs_from_cobblestone_stonecutting": {
      "complete": true,
      "is_advancement": false,
      "criteria": {},
      "igt": 0,
      "rta": 0
    },
    "minecraft:recipes/building_blocks/sandstone": {
      "complete": true,
      "is_advancement": false,
      "criteria": {},
      "igt": 0,
      "rta": 0
    },
    "minecraft:recipes/decorations/end_crystal": {
      "complete": true,
      "is_advancement": false,
      "criteria": {},
      "igt": 0,
      "rta": 0
    },
    "minecraft:recipes/decorations/chain": {
      "complete": true,
      "is_advancement": false,
      "criteria": {},
      "igt": 0,
      "rta": 0
    },
    "minecraft:recipes/redstone/dark_oak_door": {
      "complete": true,
      "is_advancement": false,
      "criteria": {},
      "igt": 0,
      "rta": 0
    },
    "minecraft:recipes/redstone/oak_door": {
      "complete": true,
      "is_advancement": false,
      "criteria": {},
      "igt": 0,
      "rta": 0
    },
    "minecraft:story/lava_bucket": {
      "complete": true,
      "is_advancement": true,
      "criteria": {},
      "igt": 0,
      "rta": 0
    },
    "minecraft:recipes/building_blocks/yellow_wool": {
      "complete": true,
      "is_advancement": false,
      "criteria": {},
      "igt": 0,
      "rta": 0
    },
    "minecraft:recipes/building_blocks/pink_wool": {
      "complete": true,
      "is_advancement": false,
      "criteria": {},
      "igt": 0,
      "rta": 0
    },
    "minecraft:recipes/decorations/magenta_bed_from_white_bed": {
      "complete": true,
      "is_advancement": false,
      "criteria": {},
      "igt": 0,
      "rta": 0
    },
    "minecraft:recipes/decorations/light_blue_bed_from_white_bed": {
      "complete": true,
      "is_advancement": false,
      "criteria": {},
      "igt": 0,
      "rta": 0
    },
    "minecraft:recipes/transportation/carrot_on_a_stick": {
      "complete": true,
      "is_advancement": false,
      "criteria": {},
      "igt": 0,
      "rta": 0
    },
    "minecraft:recipes/building_blocks/nether_brick_slab": {
      "complete": true,
      "is_advancement": false,
      "criteria": {},
      "igt": 0,
      "rta": 0
    },
    "minecraft:recipes/building_blocks/purple_wool": {
      "complete": true,
      "is_advancement": false,
      "criteria": {},
      "igt": 0,
      "rta": 0
    },
    "minecraft:recipes/decorations/oak_sign": {
      "complete": true,
      "is_advancement": false,
      "criteria": {},
      "igt": 0,
      "rta": 0
    },
    "minecraft:recipes/building_blocks/nether_brick_stairs_from_nether_bricks_stonecutting": {
      "complete": true,
      "is_advancement": false,
      "criteria": {},
      "igt": 0,
      "rta": 0
    },
    "minecraft:recipes/redstone/tnt": {
      "complete": true,
      "is_advancement": false,
      "criteria": {},
      "igt": 0,
      "rta": 0
    },
    "minecraft:recipes/misc/stick": {
      "complete": true,
      "is_advancement": false,
      "criteria": {},
      "igt": 0,
      "rta": 0
    },
    "minecraft:recipes/redstone/dark_oak_fence_gate": {
      "complete": true,
      "is_advancement": false,
      "criteria": {},
      "igt": 0,
      "rta": 0
    },
    "minecraft:recipes/building_blocks/spruce_planks": {
      "complete": true,
      "is_advancement": false,
      "criteria": {},
      "igt": 0,
      "rta": 0
    },
    "minecraft:recipes/tools/golden_shovel": {
      "complete": true,
      "is_advancement": false,
      "criteria": {},
      "igt": 0,
      "rta": 0
    },
    "minecraft:recipes/combat/arrow": {
      "complete": true,
      "is_advancement": false,
      "criteria": {},
      "igt": 0,
      "rta": 0
    },
    "minecraft:recipes/tools/fishing_rod": {
      "complete": true,
      "is_advancement": false,
      "criteria": {},
      "igt": 0,
      "rta": 0
    },
    "minecraft:recipes/building_blocks/magma_block": {
      "complete": true,
      "is_advancement": false,
      "criteria": {},
      "igt": 0,
      "rta": 0
    },
    "minecraft:recipes/building_blocks/brown_concrete_powder": {
      "complete": true,
      "is_advancement": false,
      "criteria": {},
      "igt": 0,
      "rta": 0
    },
    "minecraft:nether/obtain_crying_obsidian": {
      "complete": true,
      "is_advancement": true,
      "criteria": {},
      "igt": 0,
      "rta": 0
    },
    "minecraft:recipes/decorations/soul_campfire": {
      "complete": true,
      "is_advancement": false,
      "criteria": {},
      "igt": 0,
      "rta": 0
    },
    "minecraft:recipes/decorations/cobblestone_wall_from_cobblestone_stonecutting": {
      "complete": true,
      "is_advancement": false,
      "criteria": {},
      "igt": 0,
      "rta": 0
    },
    "minecraft:recipes/redstone/stone_pressure_plate": {
      "complete": true,
      "is_advancement": false,
      "criteria": {},
      "igt": 0,
      "rta": 0
    },
    "minecraft:recipes/decorations/oak_fence": {
      "complete": true,
      "is_advancement": false,
      "criteria": {},
      "igt": 0,
      "rta": 0
    },
    "minecraft:recipes/redstone/dark_oak_trapdoor": {
      "complete": true,
      "is_advancement": false,
      "criteria": {},
      "igt": 0,
      "rta": 0
    },
    "minecraft:recipes/building_blocks/magenta_concrete_powder": {
      "complete": true,
      "is_advancement": false,
      "criteria": {},
      "igt": 0,
      "rta": 0
    },
    "minecraft:recipes/tools/stone_hoe": {
      "complete": true,
      "is_advancement": false,
      "criteria": {},
      "igt": 0,
      "rta": 0
    },
    "minecraft:recipes/redstone/iron_door": {
      "complete": true,
      "is_advancement": false,
      "criteria": {},
      "igt": 0,
      "rta": 0
    },
    "minecraft:recipes/decorations/white_carpet": {
      "complete": true,
      "is_advancement": false,
      "criteria": {},
      "igt": 0,
      "rta": 0
    },
    "minecraft:recipes/building_blocks/stone_stairs_from_stone_stonecutting": {
      "complete": true,
      "is_advancement": false,
      "criteria": {},
      "igt": 0,
      "rta": 0
    },
    "minecraft:recipes/decorations/lime_bed_from_white_bed": {
      "complete": true,
      "is_advancement": false,
      "criteria": {},
      "igt": 0,
      "rta": 0
    },
    "minecraft:recipes/building_blocks/cyan_concrete_powder": {
      "complete": true,
      "is_advancement": false,
      "criteria": {},
      "igt": 0,
      "rta": 0
    },
    "minecraft:recipes/building_blocks/light_blue_wool": {
      "complete": true,
      "is_advancement": false,
      "criteria": {},
      "igt": 0,
      "rta": 0
    },
    "minecraft:recipes/redstone/dark_oak_pressure_plate": {
      "complete": true,
      "is_advancement": false,
      "criteria": {},
      "igt": 0,
      "rta": 0
    },
    "minecraft:recipes/decorations/black_bed_from_white_bed": {
      "complete": true,
      "is_advancement": false,
      "criteria": {},
      "igt": 0,
      "rta": 0
    },
    "minecraft:recipes/decorations/barrel": {
      "complete": true,
      "is_advancement": false,
      "criteria": {},
      "igt": 0,
      "rta": 0
    },
    "minecraft:recipes/decorations/crimson_sign": {
      "complete": true,
      "is_advancement": false,
      "criteria": {},
      "igt": 0,
      "rta": 0
    },
    "minecraft:recipes/building_blocks/lime_wool": {
      "complete": true,
      "is_advancement": false,
      "criteria": {},
      "igt": 0,
      "rta": 0
    },
    "minecraft:recipes/building_blocks/light_gray_wool": {
      "complete": true,
      "is_advancement": false,
      "criteria": {},
      "igt": 0,
      "rta": 0
    },
    "minecraft:recipes/building_blocks/glowstone": {
      "complete": true,
      "is_advancement": false,
      "criteria": {},
      "igt": 0,
      "rta": 0
    },
    "minecraft:recipes/tools/wooden_shovel": {
      "complete": true,
      "is_advancement": false,
      "criteria": {},
      "igt": 0,
      "rta": 0
    },
    "minecraft:recipes/decorations/dark_oak_fence": {
      "complete": true,
      "is_advancement": false,
      "criteria": {},
      "igt": 0,
      "rta": 0
    },
    "minecraft:recipes/misc/iron_nugget_from_smelting": {
      "complete": true,
      "is_advancement": false,
      "criteria": {},
      "igt": 0,
      "rta": 0
    },
    "minecraft:recipes/decorations/warped_sign": {
      "complete": true,
      "is_advancement": false,
      "criteria": {},
      "igt": 0,
      "rta": 0
    },
    "minecraft:recipes/redstone/warped_door": {
      "complete": true,
      "is_advancement": false,
      "criteria": {},
      "igt": 0,
      "rta": 0
    },
    "minecraft:recipes/misc/bucket": {
      "complete": true,
      "is_advancement": false,
      "criteria": {},
      "igt": 0,
      "rta": 0
    },
    "minecraft:recipes/building_blocks/cyan_wool": {
      "complete": true,
      "is_advancement": false,
      "criteria": {},
      "igt": 0,
      "rta": 0
    },
    "minecraft:recipes/combat/crossbow": {
      "complete": true,
      "is_advancement": false,
      "criteria": {},
      "igt": 0,
      "rta": 0
    },
    "minecraft:recipes/redstone/warped_button": {
      "complete": true,
      "is_advancement": false,
      "criteria": {},
      "igt": 0,
      "rta": 0
    },
    "minecraft:recipes/decorations/blue_bed_from_white_bed": {
      "complete": true,
      "is_advancement": false,
      "criteria": {},
      "igt": 0,
      "rta": 0
    },
    "minecraft:recipes/decorations/green_bed_from_white_bed": {
      "complete": true,
      "is_advancement": false,
      "criteria": {},
      "igt": 0,
      "rta": 0
    },
    "minecraft:recipes/food/bread": {
      "complete": true,
      "is_advancement": false,
      "criteria": {},
      "igt": 0,
      "rta": 0
    },
    "minecraft:recipes/decorations/orange_bed_from_white_bed": {
      "complete": true,
      "is_advancement": false,
      "criteria": {},
      "igt": 0,
      "rta": 0
    },
    "minecraft:recipes/decorations/campfire": {
      "complete": true,
      "is_advancement": false,
      "criteria": {},
      "igt": 0,
      "rta": 0
    },
    "minecraft:recipes/decorations/painting": {
      "complete": true,
      "is_advancement": false,
      "criteria": {},
      "igt": 0,
      "rta": 0
    },
    "minecraft:recipes/redstone/light_weighted_pressure_plate": {
      "complete": true,
      "is_advancement": false,
      "criteria": {},
      "igt": 0,
      "rta": 0
    },
    "minecraft:recipes/building_blocks/cobblestone_slab": {
      "complete": true,
      "is_advancement": false,
      "criteria": {},
      "igt": 0,
      "rta": 0
    },
    "minecraft:recipes/tools/wooden_axe": {
      "complete": true,
      "is_advancement": false,
      "criteria": {},
      "igt": 0,
      "rta": 0
    },
    "minecraft:recipes/redstone/warped_pressure_plate": {
      "complete": true,
      "is_advancement": false,
      "criteria": {},
      "igt": 0,
      "rta": 0
    },
    "minecraft:recipes/building_blocks/warped_stairs": {
      "complete": true,
      "is_advancement": false,
      "criteria": {},
      "igt": 0,
      "rta": 0
    },
    "minecraft:recipes/combat/iron_leggings": {
      "complete": true,
      "is_advancement": false,
      "criteria": {},
      "igt": 0,
      "rta": 0
    },
    "minecraft:recipes/redstone/crimson_door": {
      "complete": true,
      "is_advancement": false,
      "criteria": {},
      "igt": 0,
      "rta": 0
    },
    "minecraft:recipes/tools/flint_and_steel": {
      "complete": true,
      "is_advancement": false,
      "criteria": {},
      "igt": 0,
      "rta": 0
    },
    "minecraft:recipes/decorations/ender_chest": {
      "complete": true,
      "is_advancement": false,
      "criteria": {},
      "igt": 0,
      "rta": 0
    },
    "minecraft:recipes/building_blocks/stone_bricks": {
      "complete": true,
      "is_advancement": false,
      "criteria": {},
      "igt": 0,
      "rta": 0
    },
    "minecraft:recipes/tools/golden_pickaxe": {
      "complete": true,
      "is_advancement": false,
      "criteria": {},
      "igt": 0,
      "rta": 0
    },
    "minecraft:recipes/redstone/stone_button": {
      "complete": true,
      "is_advancement": false,
      "criteria": {},
      "igt": 0,
      "rta": 0
    },
    "minecraft:recipes/redstone/lever": {
      "complete": true,
      "is_advancement": false,
      "criteria": {},
      "igt": 0,
      "rta": 0
    },
    "minecraft:recipes/combat/golden_boots": {
      "complete": true,
      "is_advancement": false,
      "criteria": {},
      "igt": 0,
      "rta": 0
    },
    "minecraft:recipes/misc/iron_nugget": {
      "complete": true,
      "is_advancement": false,
      "criteria": {},
      "igt": 0,
      "rta": 0
    },
    "minecraft:recipes/building_blocks/cracked_nether_bricks": {
      "complete": true,
      "is_advancement": false,
      "criteria": {},
      "igt": 0,
      "rta": 0
    },
    "minecraft:story/smelt_iron": {
      "complete": true,
      "is_advancement": true,
      "criteria": {},
      "igt": 0,
      "rta": 0
    },
    "minecraft:recipes/brewing/brewing_stand": {
      "complete": true,
      "is_advancement": false,
      "criteria": {},
      "igt": 0,
      "rta": 0
    },
    "minecraft:recipes/misc/charcoal": {
      "complete": true,
      "is_advancement": false,
      "criteria": {},
      "igt": 0,
      "rta": 0
    },
    "minecraft:recipes/combat/iron_boots": {
      "complete": true,
      "is_advancement": false,
      "criteria": {},
      "igt": 0,
      "rta": 0
    },
    "minecraft:recipes/redstone/oak_fence_gate": {
      "complete": true,
      "is_advancement": false,
      "criteria": {},
      "igt": 0,
      "rta": 0
    },
    "minecraft:recipes/building_blocks/white_concrete_powder": {
      "complete": true,
      "is_advancement": false,
      "criteria": {},
      "igt": 0,
      "rta": 0
    },
    "minecraft:recipes/decorations/cyan_bed_from_white_bed": {
      "complete": true,
      "is_advancement": false,
      "criteria": {},
      "igt": 0,
      "rta": 0
    },
    "minecraft:recipes/building_blocks/hay_block": {
      "complete": true,
      "is_advancement": false,
      "criteria": {},
      "igt": 0,
      "rta": 0
    },
    "minecraft:recipes/building_blocks/purple_concrete_powder": {
      "complete": true,
      "is_advancement": false,
      "criteria": {},
      "igt": 0,
      "rta": 0
    },
    "minecraft:recipes/redstone/warped_trapdoor": {
      "complete": true,
      "is_advancement": false,
      "criteria": {},
      "igt": 0,
      "rta": 0
    },
    "minecraft:recipes/tools/iron_axe": {
      "complete": true,
      "is_advancement": false,
      "criteria": {},
      "igt": 0,
      "rta": 0
    },
    "minecraft:recipes/decorations/smithing_table": {
      "complete": true,
      "is_advancement": false,
      "criteria": {},
      "igt": 0,
      "rta": 0
    },
    "minecraft:recipes/building_blocks/white_wool_from_string": {
      "complete": true,
      "is_advancement": false,
      "criteria": {},
      "igt": 0,
      "rta": 0
    },
    "minecraft:recipes/redstone/trapped_chest": {
      "complete": true,
      "is_advancement": false,
      "criteria": {
        "has_the_recipe": {
          "igt": 2724308,
          "rta": 3295471
        },
        "has_tripwire_hook": {
          "igt": 2724308,
          "rta": 3295471
        }
      },
      "igt": 2724308,
      "rta": 3295474
    },
    "minecraft:recipes/misc/bowl": {
      "complete": true,
      "is_advancement": false,
      "criteria": {
        "has_brown_mushroom": {
          "igt": 4685314,
          "rta": 6375172
        },
        "has_mushroom_stew": {
          "igt": 4685314,
          "rta": 6375172
        },
        "has_red_mushroom": {
          "igt": 4685314,
          "rta": 6375172
        },
        "has_the_recipe": {
          "igt": 4685314,
          "rta": 6375172
        }
      },
      "igt": 4685314,
      "rta": 6375182
    },
    "minecraft:recipes/food/mushroom_stew": {
      "complete": true,
      "is_advancement": false,
      "criteria": {
        "has_bowl": {
          "igt": 4685814,
          "rta": 6375678
        },
        "has_brown_mushroom": {
          "igt": 4685814,
          "rta": 6375678
        },
        "has_mushroom_stew": {
          "igt": 4685814,
          "rta": 6375678
        },
        "has_red_mushroom": {
          "igt": 4685814,
          "rta": 6375678
        },
        "has_the_recipe": {
          "igt": 4685814,
          "rta": 6375678
        }
      },
      "igt": 4685814,
      "rta": 6375679
    },
    "minecraft:recipes/decorations/composter": {
      "complete": true,
      "is_advancement": false,
      "criteria": {
        "has_the_recipe": {
          "igt": 12427264,
          "rta": 14282031
        },
        "has_wood_slab": {
          "igt": 12427264,
          "rta": 14282031
        }
      },
      "igt": 12427264,
      "rta": 14282032
    },
    "minecraft:recipes/misc/gold_nugget_from_smelting": {
      "complete": true,
      "is_advancement": false,
      "criteria": {},
      "igt": 13514614,
      "rta": 24366694
    },
    "minecraft:recipes/misc/gold_nugget_from_blasting": {
      "complete": true,
      "is_advancement": false,
      "criteria": {},
      "igt": 13514614,
      "rta": 24366694
    },
    "minecraft:recipes/decorations/torch": {
      "complete": true,
      "is_advancement": false,
      "criteria": {
        "has_stone_pickaxe": {
          "igt": 14586417,
          "rta": 25979452
        },
        "has_the_recipe": {
          "igt": 14586417,
          "rta": 25979452
        }
      },
      "igt": 14586417,
      "rta": 25979455
    },
    "minecraft:story/upgrade_tools": {
      "complete": true,
      "is_advancement": true,
      "criteria": {
        "stone_pickaxe": {
          "igt": 14586417,
          "rta": 25979452
        }
      },
      "igt": 14586417,
      "rta": 25979455
    },
    "minecraft:story/obtain_armor": {
      "complete": true,
      "is_advancement": true,
      "criteria": {
        "iron_boots": {
          "igt": 18987456,
          "rta": 30714365
        },
        "iron_chestplate": {
          "igt": 18987456,
          "rta": 30714365
        },
        "iron_helmet": {
          "igt": 18987456,
          "rta": 30714365
        },
        "iron_leggings": {
          "igt": 18987456,
          "rta": 30714365
        }
      },
      "igt": 18987456,
      "rta": 30714369
    },
    "minecraft:recipes/decorations/red_glazed_terracotta": {
      "complete": true,
      "is_advancement": false,
      "criteria": {
        "has_red_terracotta": {
          "igt": 20785697,
          "rta": 32514597
        },
        "has_the_recipe": {
          "igt": 20785697,
          "rta": 32514597
        }
      },
      "igt": 20785697,
      "rta": 32514643
    }
  },
  "stats": {
    "70eb9286-e3e2-4153-a8b3-7c8f884f1292": {
      "stats": {
        "minecraft:mined": {
          "minecraft:crafting_table": 1
        },
        "minecraft:crafted": {
          "minecraft:golden_carrot": 799,
          "minecraft:coarse_dirt": 12484,
          "minecraft:oak_slab": 198,
          "minecraft:crossbow": 78,
          "minecraft:barrel": 35,
          "minecraft:tripwire_hook": 160,
          "minecraft:iron_nugget": 27,
          "minecraft:blaze_powder": 1536,
          "minecraft:iron_helmet": 3,
          "minecraft:bowl": 4,
          "minecraft:nether_bricks": 6496,
          "minecraft:golden_pickaxe": 100,
          "minecraft:bucket": 175,
          "minecraft:stone_axe": 82,
          "minecraft:glowstone": 2731,
          "minecraft:flint_and_steel": 195,
          "minecraft:bread": 946,
          "minecraft:iron_bars": 1872,
          "minecraft:tnt": 95,
          "minecraft:oak_boat": 26,
          "minecraft:white_wool": 6643,
          "minecraft:bow": 148,
          "minecraft:golden_apple": 163,
          "minecraft:gold_nugget": 9612,
          "minecraft:shield": 111,
          "minecraft:iron_axe": 106,
          "minecraft:light_weighted_pressure_plate": 4,
          "minecraft:stick": 20,
          "minecraft:iron_ingot": 1318,
          "minecraft:iron_pickaxe": 73,
          "minecraft:stone_pickaxe": 1,
          "minecraft:wooden_axe": 1,
          "minecraft:gold_ingot": 325,
          "minecraft:white_bed": 1240,
          "minecraft:ender_eye": 1513,
          "minecraft:golden_helmet": 174,
          "minecraft:respawn_anchor": 807
        },
        "minecraft:dropped": {
          "minecraft:gravel": 152,
          "minecraft:iron_ingot": 27,
          "minecraft:iron_nugget": 297,
          "minecraft:blaze_rod": 16,
          "minecraft:ender_pearl": 24,
          "minecraft:nether_brick": 192,
          "minecraft:wheat": 48,
          "minecraft:oak_planks": 81,
          "minecraft:glowstone_dust": 240,
          "minecraft:apple": 3,
          "minecraft:bedrock": 128,
          "minecraft:warped_planks": 64,
          "minecraft:carrot": 19,
          "minecraft:stick": 30,
          "minecraft:flint": 5,
          "minecraft:dirt": 160,
          "minecraft:gunpowder": 10,
          "minecraft:chest": 3,
          "minecraft:crimson_sign": 1,
          "minecraft:gold_nugget": 66,
          "minecraft:sand": 76,
          "minecraft:red_sand": 64,
          "minecraft:chain_command_block": 1,
          "minecraft:crying_obsidian": 120,
          "minecraft:string": 561,
          "minecraft:gold_ingot": 58
        },
        "minecraft:used": {
          "minecraft:blue_terracotta": 112,
          "minecraft:writable_book": 16,
          "minecraft:damaged_anvil": 1,
          "minecraft:armor_stand": 90,
          "minecraft:yellow_shulker_box": 2,
          "minecraft:oak_planks": 15,
          "minecraft:oak_sign": 141,
          "minecraft:chest": 4,
          "minecraft:stone": 18,
          "minecraft:brown_concrete": 178,
          "minecraft:purple_shulker_box": 1,
          "minecraft:redstone_block": 167,
          "minecraft:warped_sign": 27,
          "minecraft:pink_concrete": 110,
          "minecraft:crafting_table": 6,
          "minecraft:blue_stained_glass": 1355,
          "minecraft:yellow_concrete": 192,
          "minecraft:note_block": 16,
          "minecraft:pink_terracotta": 15,
          "minecraft:gray_concrete": 498,
          "minecraft:blue_concrete": 989,
          "minecraft:purple_stained_glass": 2,
          "minecraft:black_concrete": 15,
          "minecraft:command_block": 131,
          "minecraft:light_gray_concrete": 561,
          "minecraft:cyan_concrete": 29,
          "minecraft:red_terracotta": 2,
          "minecraft:crimson_planks": 13,
          "minecraft:gravel": 1,
          "minecraft:crimson_sign": 10,
          "minecraft:purple_concrete": 6,
          "minecraft:lime_concrete": 15,
          "minecraft:chain_command_block": 370,
          "minecraft:repeating_command_block": 156
        },
        "minecraft:picked_up": {
          "minecraft:crafting_table": 1,
          "minecraft:wheat": 1308,
          "minecraft:splash_potion": 8,
          "minecraft:magma_cream": 76,
          "minecraft:potion": 4,
          "minecraft:flint": 108,
          "minecraft:nether_brick": 7040,
          "minecraft:purple_shulker_box": 1,
          "minecraft:gunpowder": 124,
          "minecraft:string": 6529,
          "minecraft:dirt": 3540,
          "minecraft:iron_axe": 2,
          "minecraft:flint_and_steel": 2,
          "minecraft:iron_shovel": 2,
          "minecraft:oak_sign": 24,
          "minecraft:apple": 107,
          "minecraft:gold_nugget": 2365,
          "minecraft:iron_ingot": 479,
          "minecraft:iron_nugget": 9738,
          "minecraft:iron_pickaxe": 2,
          "minecraft:glowstone_dust": 6612,
          "minecraft:chest": 5,
          "minecraft:oak_planks": 2884,
          "minecraft:soul_sand": 166,
          "minecraft:crimson_sign": 1,
          "minecraft:stick": 803,
          "minecraft:quartz": 38,
          "minecraft:gravel": 3624,
          "minecraft:lava_bucket": 2,
          "minecraft:sand": 105,
          "minecraft:carrot": 544,
          "minecraft:crying_obsidian": 3236,
          "minecraft:gold_ingot": 1948,
          "minecraft:blaze_rod": 432,
          "minecraft:obsidian": 16,
          "minecraft:white_wool": 1,
          "minecraft:ender_pearl": 900
        },
        "minecraft:custom": {
          "minecraft:interact_with_anvil": 1,
          "minecraft:interact_with_crafting_table": 5018,
          "minecraft:play_one_minute": 1480272,
          "minecraft:open_shulker_box": 75,
          "minecraft:leave_game": 68,
          "minecraft:time_since_death": 1480271,
          "minecraft:time_since_rest": 1480271,
          "minecraft:sprint_one_cm": 537869,
          "minecraft:damage_taken": 180,
          "minecraft:walk_one_cm": 510912,
          "minecraft:drop": 465,
          "minecraft:fly_one_cm": 2527203,
          "minecraft:open_chest": 54,
          "minecraft:crouch_one_cm": 36687,
          "minecraft:sneak_time": 19143,
          "minecraft:jump": 3731,
          "minecraft:fall_one_cm": 4277
        }
      },
      "DataVersion": 2567
    }
  }
}